STT,Từ vựng,Nghĩa
1,人生 (じんせい),"Đời người, cuộc đời"
2,人間 (にんげん),con người
3,人 (ひと),người
4,祖先 (そせん),"tổ tiên, tổ tông"
5,親戚 (しんせき),họ hàng
6,夫婦 (ふうふ),vợ chồng
7,長男 (ちょうなん),trưởng nam
8,主人 (しゅじん),"chồng, chủ tiệm"
9,双子 (ふたご),sinh đôi
10,迷子 (まいご),"lạc đường, lạc lối"
11,他人 (たにん),"người dưng, người lạ"
12,敵 (てき),kẻ thủ
13,味方 (みかた),"bạn bè, đồng minh"
14,筆者 (ひっしゃ),"tác giả, người viết"
15,寿命 (じゅみょう),tuổi thọ
16,将来 (しょうらい),tương lai
17,才能 (さいのう),tài năng
18,能力 (のうりょく),năng lực
19,長所 (ちょうしょ),"sở trường, điểm mạnh"
20,個性 (こせい),"cá tính, tính cách"
21,遺伝 (いでん),di truyền
22,動作 (どうさ),"động tác, hành vi, thao tác"
23,真似 (まね),"bắt chước, copy"
24,睡眠 (すいみん),ngủ
25,食欲 (しょくよく),thèm ăn
26,外食 (がいしょく),ăn ngoài
27,家事 (かじ),"việc nhà, nội trợ"
28,出産 (しゅっさん),sinh đẻ
29,介護 (かいご),Điều dưỡng
30,共働き (ともばたらき),2 vợ chồng cùng đi làm
31,出勤 (しゅっきん),đi làm
32,出世 (しゅっせ),"thành đạt, thăng tiến"
33,地位 (ちい),"địa vị, chức vị"
34,受験 (じゅけん),"Dự thi, tham gia kỳ thi"
35,専攻 (せんこう),chuyên ngành
36,支度 (したく),"chuẩn bị, sửa soạn"
37,全身 (ぜんしん),"toàn bộ cơ thể, toàn thân"
38,しわ,nếp nhăn
39,服装 (ふくそう),"quần áo, trang phục"
40,礼 (れい),"lễ nghi, cảm ơn, cúi chào"
41,世辞 (せじ),"nịnh, ca tụng, khen, tâng bốc"
42,言い訳 (いいわけ),"giải thích, biện minh"
43,話題 (わだい),"chủ đề, đề tài"
44,秘密 (ひみつ),bí mật
45,尊敬 (そんけい),tôn kính
46,謙そん (けんそん),khiên tốn
47,期待 (きたい),"mong chờ, kỳ vọng"
48,苦労 (くろう),gian khổ
49,意志 (いし),ý chí
50,感情 (かんじょう),"cảm xúc, cảm tính"
51,材料 (ざいりょう),"nguyên liệu, vật liệu"
52,石 (いし),đá
53,ひも,dây
54,券 (けん),vé
55,名簿 (めいぼ),"danh bạ, danh sách"
56,表 (ひょう),"bảng biểu, mặt trước"
57,針 (はり),kim
58,栓 (せん),"nút, nắp ( chai...)"
59,湯気 (ゆげ),"Hơi nước, khí"
60,日当たり (ひあたり),nơi có ánh sáng chiếu vào
61,空 (から),"trống rỗng, bầu trời"
62,斜め (ななめ),"Nghiêng, chéo, khác thường"
63,履歴 (りれき),"lý lịch, lịch sử"
64,娯楽 (ごらく),"thú vui, giải trí"
65,司会 (しかい),"chủ trì buổi tiệc, MC"
66,歓迎 (かんげい),hoan nghênh
67,窓口 (まどぐち),"Quầy giao dịch, quầy tiếp khách"
68,手続き (てつづき),"thủ tục, quy trình"
69,徒歩 (とほ),đi bộ
70,駐車 (ちゅうしゃ),đỗ xe
71,違反 (いはん),vi phạm
72,平日 (へいじつ),ngày thường
73,日付 (ひづけ),ngày tháng
74,日中 (にっちゅう),Trong ngày
75,日程 (にってい),"lịch trình, hành trình"
76,日帰り (ひがえり),đi về trong ngày
77,順序 (じゅんじょ),thứ tự
78,時期 (じき),"thời kì, thời điểm"
79,現在 (げんざい),hiện tại
80,臨時 (りんじ),tạm thời
81,費用 (ひよう),"chi phí, lệ phí"
82,定価 (ていか),giá niêm yết
83,割引 (わりびき),giảm giá
84,おまけ,"quà khuyến mại, quà kèm theo"
85,無料 (むりょう),miễn phí
86,現金 (げんきん),tiền mặt
87,合計 (ごうけい),tổng cộng
88,収入 (しゅうにゅう),thu nhập
89,支出 (ししゅつ),chi tiêu
90,予算 (よさん),ngân sách
91,利益 (りえき),"lợi nhuận, lợi ích"
92,赤字 (あかじ),"lỗ, thâm hụt"
93,経費 (けいひ),kinh phí
94,勘定 (かんじょう),"thanh toán, tính tiền"
95,弁償 (べんしょう),bồi thường
96,請求 (せいきゅう),yêu cầu
97,景気 (けいき),tình hình ( thường nói về kinh tế )
98,募金 (ぼきん),"quyên góp, gây quỹ"
99,募集 (ぼしゅう),tuyển dụng
100,価値 (かち),giá trị
101,好む (このむ),thích
102,嫌う (きらう),ghét
103,願う (ねがう),"ước, yêu cầu"
104,甘える (あまえる),nũng nịu
105,かわいがる,"yêu chiều, cưng chiều"
106,気付く (きづく),"nhận ra, chú ý đến"
107,疑う (うたがう),nghi ngờ
108,苦しむ (くるしむ),khổ sở
109,悲しむ (かなしむ),buồn
110,がっかりする,"thất vọng, chán nản"
111,励ます (はげます),"động viên, khích lệ"
112,うなずく,"gật đầu, đồng ý"
113,張り切る (はりきる),"hăng hái, làm việc chăm chỉ, cố gắng"
114,威張る (いばる),"kiêu ngạo, ba hoa khoác lác"
115,怒鳴る (どなる),"quát mắng, phát cáu"
116,暴れる (あばれる),"nổi giận, quậy phá, làm ẩm ĩ, nổi khùng"
117,しゃがむ,ngồi xổm
118,どく,ra
119,どける,"dịch chuyển, tránh ra"
120,かぶる,"phủ lên, trùm lên, đậy"
121,かぶせる,tránh đội
122,かじる,"nhai, cắn, gặm, xé"
123,撃つ (うつ),bắn
124,漕ぐ (こぐ),"đạp xe, chèo, lái"
125,敷く (しく),"trải thảm, lát"
126,つぐ,"rót, dội, tưới"
127,配る (くばる),phân phát
128,放る (ほうる),"ném, bỏ mặc"
129,掘る (ほる),"đào, khai quật, ngoáy mũi"
130,まく,"rắc, rải, gieo"
131,計る (はかる),"đếm thời gian, đo đạc"
132,占う (うらなう),"dự đoán, bói"
133,引っ張る (ひっぱる),"kéo, lôi kéo, gây trở ngại"
134,突く (つく),"chọc, đâm, chống ( cằm, tay...)"
135,突き当たる (つきあたる),"cuối đường, đối mặt với"
136,立ち止まる (たちどまる),dừng lại
137,近寄る (ちかよる),"tiếp cận, tới gần"
138,横切る (よこぎる),"xuyên qua, băng ngang qua"
139,転ぶ (ころぶ),ngã
140,つまずく,"vấp, sẩy chân, vướng"
141,ひく,"chèn, cán qua, tông phải"
142,おぼれる,"chìm, đắm, chết đuổi"
143,痛む (いたむ),đau
144,かかる,"mắc bệnh, lây bệnh"
145,酔う (よう),say
146,吐く (はく),"nôn, ói"
147,診る (みる),"chuẩn đoán, khám"
148,見舞う (みまう),"đi thăm bệnh, hứng chịu, ập đến"
149,勤める (つとめる),làm việc
150,稼ぐ (かせぐ),"kiếm tiền, câu giờ"
151,支払う (しはらう),"trả tiền, thanh toán"
152,受け取る (うけとる),nhận
153,払い込む (はらいこむ),"đóng, nộp, thanh toán"
154,払い戻す (はらいもどす),"trả lại, hoàn trả"
155,引き出す (ひきだす),"rút ra, tìm ra, kéo dài"
156,もうかる,"có lợi nhuận, sinh lời"
157,もうける,"kiếm lợi, có con"
158,落ち込む (おちこむ),"thất vọng, suy sụp"
159,売れる (うれる),bán chạy
160,売り切れる (うりきれる),bán sạch
161,くっ付く (くっつく),"bám chặt, dính chặt, quân quýt"
162,くっ付ける (くっつける),"dính vào, gắn lại"
163,固まる (かたまる),"cứng lại, nắm vững, đông lai"
164,固める (かためる),"làm đông cứng, củng cố"
165,縮む (ちぢむ),"ngắn lại, co lại"
166,縮まる (ちぢまる),"rút ngắn, giảm bớt, thu gọn"
167,縮める (ちぢめる),"thu gọn, nén lại, rút ngắn"
168,沈む (しずむ),"chìm, lặn, bị nhấn xuống"
169,沈める (しずめる),"chìm, lặn"
170,下がる (さがる),"hạ xuống, lùi về, giảm"
171,下げる (さげる),"giảm đi, cúi đầu, thu dọn bát đĩa"
172,転がる (ころがる),"(tự) lăn, bị đổ ngã, nằm xuống, rải rác bừa bộn..."
173,転がす (ころがす),"dắt, lắc, lăn"
174,傾く (かたむく),"nghiêng, ngả, hướng về, đổ"
175,傾ける (かたむける),"nghiêng, làn suy yếu, phê bình, chê bai..."
176,裏返す (うらがえす),"lật úp, lộn ngược"
177,散らかる (ちらかる),"bừa bộn, lôi thôi"
178,散らかす (ちらかす),"vứt lung tung, bừa bãi"
179,散らばる (ちらばる),"văng tứ tung, rải rác"
180,刻む (きざむ),"cắt, chạm khắc, ghi lại"
181,挟まる (はさまる),bị kẹp
182,挟む (はさむ),"kẹp, nói chen vào"
183,つぶれる,"sụp đổ, xẹp lép, phá sản"
184,つぶす,hạ
185,へこむ,"lõm, chán nản"
186,ほどける,"cởi ra, giải quyết"
187,ほどく,cởi
188,枯れる (かれる),"bị héo, cạn khô, khàn giọng"
189,枯らす (からす),làm cho héo
190,傷む (いたむ),"hông, ôi thiu, tổn thương"
191,湿る (しめる),"bị ẩm, iu ( đồ ăn )"
192,凍る (こおる),"đông băng, lạnh cóng"
193,震える (ふるえる),run rẩy
194,輝く (かがやく),"tỏa sáng, huy hoàng"
195,あふれる,"tràn, đầy, giàn giụa"
196,余る (あまる),"còn sót lại, dư thừa"
197,目立つ (めだつ),"nổi bật, đập vào mắt"
198,見下ろす (みおろす),"nhìn xuống, coi khinh"
199,戦う/闘う (たたかう),"đánh nhau, tranh chấp"
200,敗れる (やぶれる),"bị đánh bại, thua"
201,逃げる (にげる),"chạy trốn, tránh nạn"
202,逃がす (にがす),"để mất; phóng sinh, thả"
203,戻る (もどる),quay lại
204,戻す (もどす),để trả lại
205,はまる,"khớp, bị kẹt, nghiện, bị cuốn theo, khít, vừa"
206,はめる,"đeo ( nhẫn, găng tay)"
207,扱う (あつかう),"đối xử, xử lý, bán, sử dụng"
208,関わる (かかわる),"liên quan, dính dáng"
209,目指す (めざす),"hướng đến mục tiêu, nhắm đến"
210,立つ・発つ (たつ),"khởi hành, rời khỏi, xuất phát"
211,迎える (むかえる),đón
212,持てる (もてる),"thu hút, đào hoa, có duyên"
213,たとえる,"ví như, so với"
214,努める (つとめる),"nỗ lực, cố gắng"
215,務まる (つとまる),"nghĩa vụ, nhiệm vụ, có thê đảm đương, phù hợp với"
216,務める (つとめる),"đảm nhiệm, đảm đương"
217,取り消す (とりけす),"hủy bỏ, xóa bỏ"
218,終える (おえる),kết thúc
219,呼びかける (よびかける),kêu gọi
220,呼び出す (よびだす),"triệu hồi, triệu tập"
221,有難い (ありがたい),"điều đáng quý, đáng trân trọng, may quá, tốt quá"
222,申し訳ない (もうしわけない),thành thật xin lỗi
223,めでたい,"mừng, hoan hỉ"
224,幸いな (さいわいな),"cảm kích, trân trọng, biết ơn"
225,恋しい (こいしい),"thương nhớ, nhớ nhung"
226,懐かしい (なつかしい),"thân thương, hoài niệm"
227,幼い (おさない),"non nớt, bé bỏng"
228,心細い (こころぼそい),"cô đơn, tủi thân, bất an"
229,かわいそうな,"tội nghiệp, đáng thương"
230,気の毒な (きのどくな),"đáng tiếc, đáng thương"
231,貧しい (まずしい),"nghèo, thiếu thốn"
232,惜しい (おしい),"đáng tiếc, lãng phí"
233,仕方(が)ない (しかた(が)ない),"bó tay, không còn cách nào khác, đành chấp nhận"
234,やむを得ない (やむをえない),"bất đắc dĩ, bất khả kháng"
235,面倒臭い (めんどうくさい),"phiền hà, rắc rối"
236,しつこい,"lằng nhằng, nói hoài, cảm ràm"
237,くどい,"dài dòng, lắm lời"
238,煙い (けむい),khói mù mịt
239,邪魔な (じゃまな),"vướng víu, cản trở"
240,うるさい,"dài dòng, phiền phức, ồn ào"
241,騒々しい (そうぞうしい),"ồn ào, hỗn loạn, inh ỏi"
242,慌ただしい (あわただしい),"bận túi bụi, không yên ổn"
243,そそっかしい,"hấp tấp, nôn nóng, cẩu thả"
244,思いがけない (おもいがけない),"không ngờ, vô tình"
245,何気ない (なにげない),"ngẫu nhiên, tình cờ, không cô ý"
246,とんでもない,ngoài sức tưởng tượng
247,くだらない,"chán phèo, xàm, vô tích sự"
248,ばかばかしい,"vớ vẫn, ngu ngốc"
249,でたらめな,"bừa bãi, không căn cứ"
250,だらしない,"câu thả, lỏng lẻo, luộm thuộm, bất cần"
251,ずうずうしい,"vô liêm sỉ, trơ trẽn"
252,ずるい,"ranh mãnh, láu cá, gian xảo"
253,憎らしい (にくらしい),"đáng ghét, ghen tị"
254,憎い (にくい),căm ghét
255,険しい (けわしい),"hiểm trở, cộc cằn, nghiêm khắc, hung dữ"
256,辛い (つらい),"đau đớn, khổ sở"
257,きつい,"chật, gay go, khó khăn"
258,緩い (ゆるい),"lỏng lẻo, thoải, nhẹ nhàng"
259,鈍い (にぶい),"Cùn ( dao ), đần độn, yếu, chậm, lờ mờ"
260,鋭い (するどい),"sắc bén, sắc sảo, nhạy bén"
261,荒い・粗い (あらい),"thô bạo, cục súc, cộc cằn"
262,強引な (ごういんな),"cưỡng bức, miễn cưỡng"
263,勝手な (かってな),"tự ý, tự tiện, ích ki"
264,強気な (つよきな),"táo bạo, mạnh mẽ"
265,頑固な (がんこな),"bảo thủ, cố chấp"
266,過剰な (かじょうな),"quá độ, thái quá"
267,重大な (じゅうたいな),"trọng đại, quan trọng"
268,深刻な (しんこくな),nghiêm trọng
269,気楽な (きらくな),"thoải mái, thong thả"
270,安易な (あんいな),"dễ dàng, đơn giản, bất cần"
271,運 (うん),"số, vận mệnh"
272,勘 (かん),"trực giác, linh cảm"
273,感覚 (かんかく),"cảm giác, giác quan"
274,神経 (しんけい),"thần kinh, tinh thần"
275,記憶 (きおく),"ký ức, trí nhớ"
276,様子 (ようす),"bộ dạng, tình trạng, tình hình"
277,雰囲気 (ふんいき),"bầu không khí, phong thái"
278,魅力 (みりょく),"sức hút, sức hấp dẫn, quyến rũ, ma lực"
279,機嫌 (きげん),"tâm trạng, thần thái, sắc mặt"
280,関心 (かんしん),quan tâm
281,意欲 (いよく),"mong muốn, hứng thú"
282,全力 (ぜんりょく),"sung sức, toàn lực"
283,本気 (ほんき),"nghiêm túc, hết sức, hết minh"
284,意識 (いしき),"nhận thức, để ý đến"
285,感激 (かんげき),"cảm kích, xúc động"
286,同情 (どうじょう),"đồng cảm, cảm thương"
287,同意 (どうい),đồng ý
288,同感 (どうかん),"đồng tình, cùng ý kiến"
289,対立 (たいりつ),"xung đột, phản đối"
290,主張 (しゅちょう),"chủ trương, quan điểm"
291,要求 (ようきゅう),yêu cầu
292,得 (とく),"lợi ích, lãi"
293,損 (そん),"lỗ, tổn thất, thiệt hại"
294,勝負 (しょうぶ),"cạnh tranh, trận đầu, hơn thua"
295,勢い (いきおい),"mạnh mẽ, tràn trề, khí thế"
296,爆発 (ばくはつ),"phát nổ, bùng nổ"
297,災害 (さいがい),"tai họa, thảm họa"
298,天候 (てんこう),"thời tiết, khí hậu"
299,乾燥 (かんそう),"sự khô khan, khô hạn"
300,観測 (かんそく),"quan sát, dự đoán, đo đạc"
301,遭難 (そうなん),"gặp nạn, mất phương hướng"
302,発生 (はっせい),phát sinh
303,登場 (とうじょう),"phát hành, xuất hiện"
304,回復 (かいふく),hồi phục
305,援助 (えんじょ),"hỗ trợ, chỉ viện"
306,保険 (ほけん),bảo hiểm
307,追加 (ついか),"bổ sung, trả thêm"
308,応用 (おうよう),"ứng dụng, áp dụng"
309,解答(回答) (かいとう),"đáp án, hồi đáp, trả lời"
310,結論 (けつろん),kết luận
311,案 (あん),"phương án, ý tưởng, đề xuất"
312,集中 (しゅうちゅう),tập trung
313,区別 (くべつ),phân biệt
314,差別 (さべつ),khác biệt
315,中間 (ちゅうかん),"ở giữa, trung gian"
316,逆 (ぎゃく),"ngược lại, tương phản"
317,よそ,nơi khác
318,外 (ほか),"khác, ngoài ra"
319,境 (さかい),"biên giới, ngăn cách"
320,半ば (なかば),"một nửa, 1 phần, lưng chừng"
321,普段 (ふだん),"thường ngày, thường xuyên"
322,日常 (にちじょう),"ngày thường, thường nhật"
323,一般 (いっぱん),"phổ biến, thông thường"
324,常識 (じょうしき),"dĩ nhiên, đương nhiên, thông thường"
325,ことわざ,ca dao tục ngữ
326,権利 (けんり),quyền lợi
327,義務 (ぎむ),nghĩa vụ
328,きっかけ,động cơ
329,行動 (こうどう),"hành động, tác phong"
330,使用 (しよう),sử dụng
331,提出 (ていしゅつ),"nộp lại, giao nộp"
332,期限 (きげん),"thời hạn, kỳ hạn"
333,延期 (えんき),trì hoãn
334,延長 (えんちょう),"kéo dài, gia hạn"
335,短縮 (たんしゅく),"rút ngắn, co lại"
336,映像 (えいぞう),hình ảnh
337,撮影 (さつえい),"chụp ảnh, quay phim"
338,背景 (はいけい),"bối cảnh, phông nền, hậu thuẫn"
339,独立 (どくりつ),độc lập
340,候補 (こうほ),"ứng cử, ứng viên"
341,支持 (しじ),"chống đỡ, ủng hộ, viện trợ"
342,投票 (とうひょう),"bầu cử, bầu chọn"
343,当選 (とうせん),"trúng cử, giành được, đắc cử"
344,抽選 (ちゅうせん),rút thăm
345,配布 (はいふ),"phân phát, cung cấp"
346,失格 (しっかく),"mất tư cách, mất quyền, bị loại, bị đuổi"
347,余暇 (よか),"thời gian rỗi, giải trí"
348,行事 (ぎょうじ),"sự kiện, lễ hội"
349,理想 (りそう),lý tưởng
350,現実 (げんじつ),"hiện thực, thực tế"
351,体験 (たいけん),trải nghiệm
352,空想 (くうそう),"mơ mộng, ảo tưởng, viễn tưởng"
353,実物 (じつぶつ),"hiện vật, vật thật"
354,実現 (じつげん),thực hiện
355,実施 (じっし),thực thi
356,許可 (きょか),"cho phép, chấp nhận"
357,全体 (ぜんたい),"toàn thể, toàn bộ"
358,部分 (ぶぶん),"bộ phận, 1 phần"
359,統一 (とういつ),thống nhất
360,拡大 (かくだい),"mở rộng, phóng to"
361,縮小 (しゅくしょう),"thu nhỏ, làm ngắn"
362,集合 (しゅうごう),"tập hợp, tập kết"
363,方向 (ほうこう),phương hướng
364,間隔 (かんかく),"khoảng cách, giãn cách"
365,脇 (わき),"phía bên, nách"
366,通過 (つうか),thông qua
367,移動 (いどう),"di chuyển, đi lại"
368,停止 (ていし),"dừng lại, tạm dừng"
369,低下 (ていか),"giảm sút, giảm đi"
370,超過 (ちょうか),"vượt quá đếm được (tiền, thời gian, bệnh)"
371,立ち上がる (たちあがる),"đứng lên, nổi dậy"
372,飛び上がる (とびあがる),"nhảy cẫng lên, đứng phắt dậy"
373,浮かび上がる (うかびあがる),"nổi lên, in bóng, hiện ra"
374,舞い上がる (まいあがる),"bay vút lên, cuộn lên, bay bông, nhào lộn"
375,燃え上がる (もえあがる),bốc cháy lên
376,盛り上がる (もりあがる),"Hăng máu lên, tăng lên, phấn khích"
377,沸き上がる (わきあがる),"sôi lên, dâng trào cảm xúc"
378,晴れ上がる (はれあがる),"sáng sủa lên, trở nên sạch"
379,震え上がる (ふるえあがる),run bắn lên
380,縮み上がる (ちぢみあがる),Co rúm lại; sợ hãi; khúm núm
381,干上がる (ひあがる),"khô nẻ, khô cằn"
382,でき上がる (できあがる),"Hoàn tất, nấu xong"
383,持ち上げる (もちあげる),"nhấc lên, nâng, dựng đứng,"
384,見上げる (みあげる),"ngước lên, ngưỡng mộ"
385,積み上げる (つみあげる),"vun lên, chất lên, tích lũy"
386,打ち上げる (うちあげる),báo cáo; phóng; bắn lên
387,立ち上げる (たちあげる),"khởi động, thành lập, bắt đầu"
388,切り上げる (きりあげる),"làm tròn lên, kết thúc, cắt"
389,繰り上げる (くりあげる),"sớm hơn (lịch trình), thăng tiến"
390,磨き上げる (みがきあげる),"đánh bóng, mài giũa"
391,鍛え上げる (きたえあげる),"dạy dỗ, rèn luyện"
392,書き上げる (かきあげる),"Viết xong, hoàn thành"
393,育て上げる (そだてあげる),Nuôi lớn
394,読み上げる (よみあげる),"Đọc to, đọc ra"
395,数え上げる (かぞえあげる),"Nêu lên, liệt kê, đếm"
396,投げ出す (なげだす),"ngồi vắt chéo chân, từ bỏ"
397,持ち出す (もちだす),"mang ra ngoài, cầm đi"
398,追い出す (おいだす),"đuổi đi, tống cổ"
399,放り出す (ほうりだす),"quảng đi, phóng ra, bỏ cuộc"
400,貸し出す (かしだす),cho vay; cho mượn
401,聞き出す (ききだす),"lắng nghe, chất vấn"
402,連れ出す (つれだす),dẫn ra ngoài
403,引っ張り出す (ひっぱりだす),"lôi ra, đem ra, kéo ra ngoài"
404,逃げ出す (にげだす),"chạy trốn, thoát ra ngoài"
405,飛び出す (とびだす),"phóng ra, bỏ nhà đi"
406,見つけ出す (みつけだす),"tìm thấy, tìm ra"
407,探し出す (さがしだす),tìm thấy được
408,書き出す (かきだす),viết ra
409,飛び込む (とびこむ),"nhảy vào, lao vào"
410,駆け込む (かけこむ),"đâm sầm vào, vội vã chạy"
411,割り込む (わりこむ),chen vào; xen ngang
412,差し込む (さしこむ),"cắm vào ( điện, chìa khóa...), chiếu vào"
413,染み込む (しみこむ),"ngấm gia vị, thấm vào"
414,引っ込む (ひっこむ),"lui vào, co lại, quy ân giang hồ"
415,詰め込む (つめこむ),"nhét vào, tống vào"
416,飲み込む (のみこむ),"nuốt vào, hiểu rõ"
417,運び込む (はこびこむ),"mang vào, bê vào"
418,打ち込む (うちこむ),"đóng (đỉnh), cống hiến, nhập ( dữ liệu )"
419,注ぎ込む (そそぎこむ),"dồn hết vào, đổ vào"
420,引き込む (ひきこむ),"lôi kéo vào, dẫn vào"
421,書き込む (かきこむ),"ghi vào, viết vào, đăng tải"
422,巻き込む (まきこむ),"cuộn vào, lôi kéo"
423,追い込む (おいこむ),"lùa, dồn vào"
424,呼び込む (よびこむ),"mời gọi, lôi kéo, thu hút, đem lại"
425,座り込む (すわりこむ),"ngồi lì, ngồi bệt xuống"
426,寝込む (ねこむ),"hôn mê, nằm liệt giường"
427,話し込む (はなしこむ),"Say sưa trò chuyện, nhập tâm"
428,黙り込む (だまりこむ),"chìm vào yên lặng, giữ im lặng"
429,泊まり込む (とまりこむ),"trọ lại, ở lại"
430,住み込む (すみこむ),"Ở nhờ, ăn nhờ ở đậu"
431,煮込む (にこむ),"nấu nhừ, ninh kỹ"
432,売り込む (うりこむ),"chào hàng, tiếp thị sản phẩm"
433,頼み込む (たのみこむ),"năn nỉ, nhờ vả"
434,教え込む (おしえこむ),"dạy dỗ, huấn luyện"
435,話し合う (はなしあう),"trò chuyện, nói chuyện"
436,言い合う (いいあう),"tranh luận, cãi cọ, thốt lên"
437,語り合う (かたりあう),"tâm sự, hàn huyên"
438,見つめ合う (みつめあう),nhìn chằm chằm
439,向かい合う (むかいあう),đối diện nhau
440,助け合う (たすけあう),giúp đỡ hỗ trợ nhau
441,分け合う (わけあう),"chia sẻ, chia đều ra.."
442,出し合う (だしあう),"đóng góp, phối hợp, cùng góp phần"
443,申し合わせる (もうしあわせる),"thống nhất, sắp xếp"
444,誘い合わせる (さそいあわせる),"hẹn nhau, rủ nhau"
445,隣り合わせる (となりあわせる),cạnh nhau
446,組み合わせる (くみあわせる),ghép lại; kết hợp; liên kết lại; liên kết; phối hợp
447,詰め合わせる (つめあわせる),"đóng gói, đóng hộp"
448,重ね合わせる (かさねあわせる),"xếp chồng lên, tựa như"
449,居合わせる (いあわせる),tình cờ gặp
450,乗り合わせる (のりあわせる),"đi cùng chuyến, đi chung xe"
451,持ち合わせる (もちあわせる),"có trong tay, có mang theo"
452,問い合わせる (といあわせる),hỏi; hỏi thăm
453,照らし合わせる (てらしあわせる),"so sánh, đối chiếu"
454,聞き直す (ききなおす),"nghe lại, hỏi lại"
455,やり直す (やりなおす),"làm lại, bắt đầu lại"
456,かけ直す (かけなおす),gọi lại
457,出直す (でなおす),"làm lại từ đầu, trở lại"
458,持ち直す (もちなおす),chuyển biến tốt
459,考え直す (かんがえなおす),"xem lại, suy nghĩ lại"
460,思い直す (おもいなおす),nghĩ lại; thay đổi ý định; đổi ý
461,アンテナ,"ăng ten, nghe ngóng"
462,イヤホン,tai nghe
463,サイレン,"tiếng chuông (chuông tan ca, chuông báo cháy)"
464,コード,"dây (điện), mã số"
465,モニター,"màn hình, khảo sát"
466,メーター,đồng hồ đo
467,ペア,"một cặp, ghép đôi"
468,リズム,"giai điệu, nhịp"
469,アクセント,"trọng âm, điểm nhấn"
470,アルファベット,bảng chữ cái
471,アドレス,địa chỉ
472,メモ,ghi chú
473,マーク,"đánh dấu, kí hiệu"
474,イラスト,"hình minh họa, bức họa"
475,サイン,"chữ kí, dấu hiệu"
476,スター,"ngôi sao nổi tiếng, thần tượng"
477,アンコール,"yêu cầu của khán giả, diễn thêm tặng khán giả"
478,モデル,"người mẫu, mô hình"
479,サンプル,hàng mẫu
480,スタイル,"kiểu cách, phong cách"
481,ウエスト,"eo, vòng eo"
482,カロリー,calo
483,オーバー,"quá, vượt quá"
484,コントロール,"kiểm soát, điều khiển"
485,カーブ,"khúc cua, đường cong"
486,コース,"khóa học, phần ăn, đường chạy (marathon)"
487,レース,"cuộc đua, ren (viên áo – quần)"
488,リード,dẫn đầu
489,トップ,đầu bảng
490,ゴール,"về đích, kết thúc, điểm đích"
491,パス,"vượt qua, đường chuyền"
492,ベスト,tốt nhất
493,レギュラー,"thông thường, chính thức"
494,コーチ,huấn luyện viên
495,キャプテン,đội trưởng
496,サークル,câu lạc bộ
497,キャンパス,"khuôn viên, sân bãi trường học"
498,オリエンテーション,"định hướng, buổi giới thiệu"
499,カリキュラム,"giáo án, chương trình giảng dạy"
500,プログラム,"chương trình, lập trình"
501,レッスン,bài học
502,レクリエーション,"giải trí, nghỉ giải lao"
503,レジャー,"vui chơi, rảnh rỗi"
504,ガイド,hướng dẫn
505,シーズン,mùa
506,$x^{*}1+(7^{\circ}>7),"bảng giờ tàu chạy, kim cương"
507,ウイークデー,ngày trong tuần
508,サービス,dịch vụ
509,アルコール,"cồn, rượu"
510,デコレーション,trang trí
511,最も (もっとも),"...nhất, vô cùng; cực kỳ = 一番, tuy nhiên"
512,ほぼ,"gần như, hầu như"
513,相当 (そうとう),"Tương đối, khá = かなり"
514,割合 (わりあい),"tương đối, khá là, tỷ lệ"
515,多少 (たしょう),"một chút, ít nhiều = 少し"
516,少々 (しょうしょう),"một chút, một lát"
517,すべて,mọi thứ
518,何もかも (なにもかも),"Bất cứ thứ gì, mọi thứ"
519,たっぷり,"đủ, nhiều, đầy ắp, lỏng lẻo, rộng rãi"
520,できるだけ,cố gắng hết sức
521,次第に (しだいに),"dần dần, từng chút một (=だんだん)"
522,徐々に (じょじょに),"Chầm chậm, dần dần"
523,さらに,"hơn nữa, ngoài ra"
524,一層 (いっそう),"hơn, hơn nữa"
525,一段と (いちだんと),"hơn hẳn, hơn 1 bậc"
526,より,hơn
527,結局 (けっきょく),"kết cục, rốt cuộc"
528,ようやく,cuối cùng
529,再び (ふたたび),lần nữa
530,たちまち,"ngay lập tức, đột nhiên"
531,今度 (こんど),"lần này, sắp tới, lần tới"
532,今後 (こんご),"từ bây giờ trở đi, sắp tới"
533,後(に) (のち(に)),sau đó
534,まもなく,"chẳng mấy chốc, sắp"
535,そのうち(に),"sẽ sớm thôi, 1 lúc nữa"
536,やがて,"chẳng mấy chốc, sắp sủa, hầu như, sau cùng"
537,いずれ,"1 ngày nào đó, sớm muộn gì thì, đằng nào"
538,先ほど (さきほど),"mới lúc trước, cách đây không lâu, lúc nãy"
539,とっくに,"thời gian trức đây, lâu rồi"
540,すでに,đã...
541,事前に (じぜんに),trước
542,当日 (とうじつ),hôm ấy
543,当時 (とうじ),"lúc đó, khi ấy, hồi đó"
544,一時 (いちじ),"tạm thời, nhất thời, có lúc"
545,至急 (しきゅう),"khẩn cấp, ngay lập tức"
546,直ちに (ただちに),ngay lập tức
547,早速 (さっそく),"nhanh chóng, luôn và ngay"
548,いきなり,"đột ngột, đột nhiên"
549,常に (つねに),"luôn luôn, lúc nào cũng"
550,絶えず (たえず),"liên tục, triền miên"
551,しばしば,"rất thường xuyên, không ngừng"
552,たびたび,"hay, nhiều lần, thường xuyên"
553,しょっちゅう,"suốt ngày, thường xuyên"
554,たまに,thỉnh thoảng
555,めったに,hiếm khi
556,にこにこ,tươi cười
557,にやにや,cười toe toét
558,どきどき,hồi hộp
559,はらはら,"áy náy, lo lắng"
560,かんかん,"bừng bừng, nổi giận"
561,びしょびしょ,"ướt sũng, chèm chẹp"
562,うろうろ,"lượn đi lượn lại, tha thẩn"
563,のろのろ,"chậm chạp, vụng về, lúng túng"
564,ふらふら,"chóng mặt, choáng váng, lông bông"
565,ぶらぶら,"loanh quanh, lang thang, lảng vảng"
566,したがって,"sở dĩ; vì vậy; do vậy ( đưa ra kết luận), theo đó"
567,だが,"tuy nhiên, tuy vậy, mặc dù"
568,ところが,"vậy mà, tuy nhiên, nhưng"
569,しかも,đã vậy lại còn
570,すると,"lập tức,, khi đó, rồi thì"
571,なぜなら,bởi vì là
572,だって,"vì là, do là, dẫu vậy, tuy vậy"
573,要するに (ようするに),"tóm lại, chủ yếu là"
574,すなわち,nói cách khác
575,あるいは,"hoặc, có lẽ"
576,さて,"và sau đây, tiếp theo"
577,では,"ngay sau đây, vậy thì"
578,ところで,"Nhân tiện, mà này..."
579,そう言えば (そういえば),"Nhắc mới nhớ, nói vậy thi...."
580,ただ,"Tuy... thế nhưng ..., ngoại trừ 1 điều, miễn phí"
581,食料 (しょくりょう),"đồ ăn, thực phẩm"
582,粒 (つぶ),"hạt, viên, giọt"
583,くず,"vụn rác, đồ cặn bã, đồ thừa"
584,栽培 (さいばい),"nuôi trồng, trồng trọt"
585,収穫 (しゅうかく),"thu hoạch, lĩnh hội, gặt hái"
586,産地 (さんち),nơi sản xuất
587,土地 (とち),đất đai
588,倉庫 (そうこ),kho bãi
589,所有 (しょゆう),sở hữu
590,収集 (しゅうしゅう),"thu thập, thu gom"
591,滞在 (たいざい),"ở, lưu trú"
592,便 (べん),thuận tiện
593,便 (びん),"chuyến, tuyến"
594,設備 (せつび),thiết bị
595,設計 (せっけい),thiết kế
596,制作・製作 (せいさく),"chế tạo, sáng tác"
597,製造 (せいぞう),"chế tạo, sản xuất"
598,建築 (けんちく),"kiến thiết, xây dựng"
599,人工 (じんこう),"nhân tạo, nhân công"
600,圧力 (あつりょく),"áp lực, sức ép"
601,刺激 (しげき),"kích thích, khiêu khích"
602,摩擦 (まさつ),"ma sát, mâu thuẫn"
603,立場 (たちば),"lập trường, quan điểm"
604,役割 (やくわり),"vai trò, phận sự"
605,分担 (ぶんたん),"chia sẻ, gánh vác"
606,担当 (たんとう),"chịu trách nhiệm, đảm đương"
607,交代・交替 (こうたい),"luân phiên, thay đổi"
608,代理 (だいり),"đại diện, thay thế"
609,審判 (しんぱん),"thẩm phám, trọng tài"
610,監督 (かんとく),"đạo diễn, giám sát, HLV"
611,予測 (よそく),dự đoán
612,予期 (よき),mong đợi
613,判断 (はんだん),"suy xét, xem xét"
614,評価 (ひょうか),"đánh giá, bình phẩm"
615,指示 (しじ),"chỉ dẫn, chỉ thị"
616,無視 (むし),"bỏ qua, ngó ngơ"
617,無断 (むだん),tự ý tự tiện
618,承知 (しょうち),"hiểu rõ, thừa nhận, thấu hiểu"
619,納得 (なっとく),"tiếp thụ, lĩnh hội, nắm bắt"
620,疑問 (ぎもん),"nghi vấn, thắc mắc"
621,推測 (すいそく),"phỏng đoán, dự đoán"
622,肯定 (こうてい),khẳng định
623,参考 (さんこう),tham khảo
624,程度 (ていど),mức độ; trình độ
625,評判 (ひょうばん),"đánh giá, có tiếng là"
626,批評 (ひひょう),"bình luận, đánh giá"
627,推薦 (すいせん),"tiến cử, giới thiệu"
628,信用 (しんよう),"Tín nhiệm, sự tin tưởng"
629,信頼 (しんらい),"Tin cậy, tín nhiệm"
630,尊重 (そんちょう),"tôn trọng, coi trọng"
631,作業 (さぎょう),"công việc, thao tác"
632,工夫 (くふう),"Sáng kiến, phát minh, đào sâu nghiên cứu"
633,消化 (しょうか),"tiêu hóa, tiêu thụ, thực hiện xong, đạt được"
634,吸収 (きゅうしゅう),"hấp thụ, thấm"
635,設置 (せっち),"Lắp đặt, bố trí"
636,設定 (せってい),"thiết lập, cài đặt"
637,調節 (ちょうせつ),"Điều chỉnh ( âm lượng, nhiệt độ )"
638,調整 (ちょうせい),"điều chỉnh, sắp xếp, bố trí"
639,解放 (かいほう),"giải phóng, giải thoát"
640,総合 (そうごう),"tổng hợp, cùng nhau"
641,連続 (れんぞく),"liên tục, dài tập"
642,持続 (じぞく),"duy trì, tiếp tục"
643,中断 (ちゅうだん),"gián đoạn, tạm dừng"
644,安定 (あんてい),ổn định
645,混乱 (こんらん),"lúng túng, hỗn loạn"
646,上昇 (じょうしょう),"tiến lên, tăng lên, bốc lên"
647,達成 (たっせい),"đạt được, hoàn thành"
648,事情 (じじょう),"tình hình, điều kiện"
649,事態 (じたい),"tình thế, tình trạng, sự tình"
650,障害 (しょうがい),"khuyết tật, tàn tật"
651,福祉 (ふくし),phúc lợi
652,社会 (しゃかい),xã hội
653,都会 (とかい),"thành phố, thành thị"
654,世論 (よろん),dư luận
655,民族 (みんぞく),dân tộc
656,增大 (ぞうだい),"sự mở rộng, sự tăng thêm"
657,增量 (ぞうりょう),tăng thêm lượng
658,增税 (ぞうぜい),tăng thuế
659,増員 (ぞういん),tăng số lượng nhân viên
660,減点 (げんてん),giảm trừ
661,減退 (げんたい),"giảm sút, suy thoái"
662,減量 (げんりょう),"giảm cân, lượng hao hụt"
663,開発 (かいはつ),"phát triển, khai thác"
664,開店 (かいてん),"mở cửa hàng, khai trương nhà hàng"
665,開業 (かいぎょう),"khởi nghiệp, triển khai, mở"
666,開催 (かいさい),"tổ chức, đăng cai"
667,開放 (かいほう),sự mở cửa; sự tự do hoá
668,閉鎖 (へいさ),"phong tỏa, đóng lối ra vào, tạm dừng công việc"
669,密閉 (みっぺい),"kín hơi, niêm phong"
670,改善 (かいぜん),cải thiện
671,改良 (かいりょう),cải tiến ( vật chất )
672,改革 (かいかく),Cải cách
673,改正 (かいせい),"cải chính, sửa đổi"
674,改定 (かいてい),"Sửa đổi, thay đổi"
675,改修 (かいしゅう),"Cảu tạo, tu bổ, nâng cấp"
676,一致 (いっち),"nhất trí, thống nhất, trùng hợp"
677,一方 (いっぽう),"mặt khác, ngày càng"
678,一定 (いってい),"nhất định, không thay đổi"
679,一人前 (いちにんまえ),"Suất ăn, trưởng thành"
680,一流 (いちりゅう),"bậc nhất, hàng đầu"
681,映る (うつる),"phản chiếu, được chiếu"
682,映す (うつす),"chiếu, phản chiếu, soi"
683,つかる,Ngâm nước nóng( chân
684,つける,"ngâm, chấm"
685,浮かぶ (うかぶ),"nổi, nghĩ ra, lơ lửng"
686,浮かべる (うかべる),Làm trôi nổi
687,浮く (うく),"Nối; lung lay, dư ra, tách biệt, lấp lửng"
688,潜る (もぐる),"Lặn, chui"
689,跳ねる (はねる),"bắn ra ( dầu, mỡ, bùn,...), nhảy"
690,背負う (せおう),"Gánh vác, cõng, đảm đương"
691,追う (おう),"đuổi, theo đuổi"
692,追いかける (おいかける),"chạy theo, đuổi theo"
693,追いつく (おいつく),đuổi kịp
694,追い越す (おいこす),vượt lên
695,振り向く (ふりむく),"ngoảnh lại, quay lại"
696,捕る/採る/執る (とる),"Bắt, tuyển dụng, đảm nhiệm"
697,取り上げる (とりあげる),"Bình luận, cầm lấy, tịch thu, giơ lên..."
698,取り入れる (とりいれる),"thu hoạch, áp dụng, đưa vào"
699,削る (けずる),"cắt giảm, gọt giũa"
700,縛る (しばる),"buộc, thắt"
701,絞る・搾る (しぼる),"vắt, bóp"
702,回る (まわる),"xoay quanh, dạo quanh, chuyển (bóng)"
703,回す (まわす),"xoay, chuyển, vặn núm, truyền tay"
704,区切る (くぎる),"Phân chia, chia"
705,組む (くむ),"Lên lịch, hợp tác, lắp ghép"
706,組み立てる (くみたてる),"lắp ráp, tổ chức"
707,加わる (くわわる),"Gia nhập, tăng cường"
708,加える (くわえる),"thêm vào, làm tăng lên"
709,仕上がる (しあがる),"hoàn thiện, hoàn thành"
710,仕上げる (しあげる),"hoàn thành, giai đoạn hoàn thiện, giai đoạn cuối"
711,通り掛かる (とおりかかる),đi ngang qua
712,飛び回る (とびまわる),"chạy tới chạy lui, bay loanh quanh"
713,巡る (めぐる),"lặp lại, xung quanh ( vấn đề gì đó ), vòng quanh"
714,補う (おぎなう),"thêm, bổ sung, đền bù"
715,防ぐ (ふせぐ),"phòng, chống"
716,救う (すくう),"cứu, giúp"
717,除く (のぞく),"loại trừ, bỏ qua, lấy đi"
718,省く (はぶく),"loại bỏ, tiết kiệm"
719,誤る (あやまる),"mắc lỗi, lầm lỡ"
720,奪う (うばう),"cướp đoạt, làm say đắm"
721,しまう,cất đi
722,怠ける (なまける),lười biếng
723,失う (うしなう),mất
724,攻める (せめる),"tấn công, táo bạo"
725,にらむ,"lườm, liếc, nhìn chằm chằm"
726,責める (せめる),"đổ lỗi, trách móc"
727,裏切る (うらぎる),"phản bội, bán đứng"
728,頼る (たよる),"dựa dẫm, dựa vào, nhờ cậy"
729,遭う (あう),"gặp gỡ, gặp phải"
730,招く (まねく),"mời, rủ"
731,引っ掛かる (ひっかかる),"bị mắc vào, bị vướng vào"
732,引っ掛ける (ひっかける),"mắc, vướng, hất, bắn..."
733,ひっくり返る (ひっくりかえる),"đảo lộn, lật ngược"
734,ひっくり返す (ひっくりかえす),"đảo ngược, lật ngửa"
735,ずれる,trượt
736,ずらす,"lùi lại (lịch trình, kế hoạch)"
737,崩れる (くずれる),"sạt lở, sụp đổ, lụi tàn"
738,崩す (くずす),"thay đổi, đổi (tiền), sụp, vỡ, mất đi"
739,荒れる (あれる),"hỗn loạn, động trời, nứt nẻ, tức giận"
740,荒らす (あらす),"làm lộn xộn, tung tóe, phá hoại"
741,認める (みとめる),"thừa nhận, thú nhận, khẳng định"
742,見直す (みなおす),"nhìn lại, rà soát"
743,見慣れる (みなれる),"quen, nhẵn mặt"
744,求める (もとめる),"cầu mong, mong muốn, hỏi"
745,漏れる (もれる),"rò rỉ, bỏ sót, thiếu, thốt ra..."
746,漏らす (もらす),"biểu hiện, lộ, bỏ sót"
747,なる,"trở nên, trở thành, kêu, gáy, ra quả"
748,焦げる (こげる),bị cháy
749,反する (はんする),trái lại
750,膨れる (ふくれる),"phồng, sưng, hơn dỗi"
751,膨らむ (ふくらむ),"phồng, phình, tăng lên..."
752,膨らます (ふくらます),"thổi phồng, làm phong phú"
753,とがる,nhọn
754,当てはまる (あてはまる),"áp dụng, hợp với, đúng"
755,就く (つく),"đi theo, đi cùng, đảm nhiệm, nắm giữ, tiếp nhận"
756,受け持つ (うけもつ),đảm nhận
757,従う (したがう),"theo, tuân theo, tuân thủ"
758,つぶやく,thì thầm
759,述べる (のべる),"phát biểu, bày tỏ, trình bày"
760,目覚める (めざめる),"thức giấc, quan tâm, tự nhận thức"
761,限る (かぎる),"giới hạn, hạn chế, không bắt buộc"
762,片寄る (かたよる),"nghiêng, lệch, thiếu..."
763,薄まる (うすまる),"suy nhược, nhạt đi, phai nhòa"
764,薄める (うすめる),"làm nhạt đi; làm thưa bớt, làm loãng"
765,薄れる (うすれる),"nhạt dần, phai dần"
766,透き通る (すきとおる),"trong suốt, trong vắt"
767,静まる・鎮まる (しずまる),"yên tĩnh, dịu đi, im lặng"
768,静める・鎮める (しずめる),"trấn tĩnh, làm bớt đi"
769,優れる (すぐれる),"giỏi, ưu tú, hoàn hảo"
770,落ち着く (おちつく),"bình tĩnh, lắng xuống, quyết định, đơn giản"
771,長引く (ながびく),kéo dài
772,衰える (おとろえる),"yếu dần đi, sa sút"
773,備わる (そなわる),"lắp đặt, sẵn có, sở hữu.."
774,備える (そなえる),"chuẩn bị, trang bị, cung cấp"
775,蓄える (たくわえる),"tích lũy, dự trữ"
776,整う (ととのう),"Đã sẵn sàng, chuẩn bị, sắp đặt"
777,整える・調える (ととのえる),"hoàn thiện, chỉnh chu, điều chinh"
778,覆う (おおう),"phủ, bao bọc, bịt"
779,照る (てる),chiếu sáng
780,照らす (てらす),"chiếu theo, căn cứ vào"
781,染まる (そまる),"nhuộm, nhiễm"
782,染める (そめる),"nhuộm, nhúng tay"
783,ダブル,"gấp đôi, trùng nhau, nhắc lai"
784,あこがれる,"mong ước, mơ ước, ngưỡng mộ, khao khát"
785,うらやむ,đố kỵ
786,あきらめる,từ bỏ
787,あきれる,"ngạc nhiên, cạn lời, bó tay"
788,恐れる (おそれる),"sợ, nguy cơ, khủng khiếp"
789,恨む (うらむ),"hận, căm thù, oán hận"
790,慰める (なぐさめる),"an ủi, động viên"
791,インテリア,nội thất
792,コーナー,góc
793,カウンター,quầy tính tiền
794,スペース,khoảng trống
795,オープン,cửa mở
796,センター,trung tâm
797,カルチャー,văn hóa
798,ブーム,bùng nổ
799,$1\times7*-x-$ ション,thông tin
800,キャッチ,bắt lấy
801,メディア,truyền thông
802,コメント,bình luận
803,コラム,cột
804,エピソード,chương; phần
805,アリバイ,chứng cứ ngoại phạm
806,シリーズ,loạt
807,ポイント,điểm mấu chốt
808,キー,chìa khóa
809,マスター,thuần thục
810,ビジネス,business
811,キャリア,kinh nghiệm
812,ベテラン,chuyên gia
813,フリー,tự do
814,エコノミー,kinh tế
815,キャッシュ,tiền mặt
816,インフレ,lạm phát
817,デモ,cuộc biểu tình
818,$x-7]-,nhà chế tạo
819,システム,hệ thống
820,ケース,trường hợp
821,パターン,mẫu
822,プラン,kế hoạch
823,トラブル,rắc rối
824,エラー,lỗi
825,クレーム,phàn nàn
826,キャンセル,hủy bỏ
827,ストップ,dừng lại
828,カット,cắt bớt
829,カバー,bao bọc
830,リハビリ,hồi phục chức năng
831,プレッシャー,sức ép
832,カウンセリング,tư vấn tâm lý
833,キャラクター,nhân vật
834,ユニークな,độc nhất
835,ルーズな,lơ đễnh
836,ロマンチックな,lãng mạn
837,センス,giác quan
838,エコロジー,sinh thái học
839,ダム,Đê
840,コンクリート,bê tông
841,単純な (たんじゅんな),đơn giản
842,純粋な (じゅんすいな),"trong sáng, ngây thơ, tỉnh khôi, tinh khiết"
843,透明な (とうめいな),"trong suốt, trong veo"
844,爽やかな (さわやかな),"sảng khoái, tươi, thoáng"
845,素直な (すなおな),"chân thành, thật thà, ngoan ngoãn"
846,率直な (そっちょくな),"trực tỉnh, thẳng thắn"
847,誠実な (せいじつな),"thật thà, chân thành"
848,謙虚な (けんきょな),khiêm tốn
849,賢い (かしこい),"thông minh, khôn ngoan"
850,慎重な (しんちょうな),"thận trọng, cẩn thận"
851,穏やかな (おだやかな),"yên ả, ôn hòa, bình yên"
852,真剣な (しんけんな),"nghiêm túc, nghiêm trọng"
853,正式な (せいしきな),"chính thức, gốc"
854,主な (おもな),"chính, chủ yếu"
855,主要な (しゅような),Mấu chốt
856,貴重な (きちょうな),quý trọng
857,偉大な (いだいな),vĩ đại
858,偉い (えらい),"tuyệt vời, giỏi, vĩ đại"
859,独特な (どくとくな),"riêng biệt, đặc biệt, độc đáo"
860,特殊な (とくしゅな),"đặc biệt, đặc thù"
861,奇妙な (きみょうな),"kỳ lạ, lạ lùng"
862,妙な (みょうな),lạ thường
863,怪しい (あやしい),"đáng nghi, nghi ngờ"
864,異常な (いじょうな),"khác thường, bất thường"
865,高度な (こうどな),"độ cao, tiên tiến"
866,新たな (あらたな),"thay mới, làm mới"
867,合理的な (ごうりてきな),"hợp lý, tính logic"
868,器用な (きような),"tinh xảo, tài giỏi, khéo léo"
869,手軽な (てがるな),"nhẹ nhàng, đơn giản"
870,手ごろな (てごろな),"hợp lý, phù hợp, vừa phải"
871,高価な (こうかな),đắt
872,ぜいたくな,"sang chảnh, xa hoa, phung phí (phong cách sống)"
873,豪華な (ごうかな),"hào hoa, lộng lẫy, rực rỡ"
874,高級な (こうきゅうな),"chất lượng cao, hàng hiệu"
875,上等な (じょうとうな),"cao cấp, xịn sò"
876,上品な (じょうひんな),"quý phái, lịch thiệp"
877,適度な (てきどな),"mức độ thích hợp, điều độ"
878,快適な (かいてきな),"dễ chịu, sảng khoái"
879,快い (こころよい),"hài lòng, dễ chịu, sẵn lòng"
880,順調な (じゅんちょうな),thuận lợi; tốt; trôi chảy
881,活発な (かっぱつな),"hoạt bát, sôi nổi, nhanh nhẹn, linh hoạt"
882,的確な (てきかくな),"chính xác, rõ ràng"
883,確実な (かくじつな),"Xác thực, chắc chắn"
884,明らかな (あきらかな),"rõ ràng, sáng tỏ"
885,あいまいな,mơ hồ
886,具体的な (ぐたいてきな),"cụ thể, rõ ràng"
887,抽象的な (ちゅうしょうてきな),"trừu tượng, viển vông"
888,等しい (ひとしい),"giống nhau, đều đặn"
889,平等な (びょうどうな),"bình đẳng, công bằng"
890,公平な (こうへいな),công bằng
891,人物 (じんぶつ),nhân vật
892,者 (もの),"người, kẻ"
893,各自 (かくじ),mỗi người
894,気分 (きぶん),"tâm trạng, tinh thần, cảm xúc"
895,気配 (けはい),"cảm giác, linh cảm"
896,生きがい (いきがい),"mục đích sống, lẽ sống"
897,行儀 (ぎょうぎ),"tác phong, cách cư xử"
898,品 (ひん),"phẩm giá, mặt hàng, hàng hóa"
899,姿 (すがた),"bộ dạng, bóng dáng, tư thế"
900,姿勢 (しせい),"tư thế, thái độ, lập trường"
901,見かけ (みかけ),"nhìn bề ngoài, diện mạo"
902,ふり,giả vờ
903,苦情 (くじょう),"phàn nàn, than phiền, càu nhàu, khiếu nại"
904,口実 (こうじつ),"ngụy biện, viện cớ, bào chữa"
905,動機 (どうき),"động cơ, nguyên nhân, lý do"
906,皮肉 (ひにく),"giễu cợt, mỉa mai"
907,意義 (いぎ),ý nghĩa
908,主義 (しゅぎ),"nguyên tắc, niềm tin"
909,精神 (せいしん),tinh thần
910,年代 (ねんだい),"số năm, thời gian, thế hệ, cũ kĩ, lâu đời"
911,世代 (せだい),"thời đại, thế hệ"
912,基礎 (きそ),"cơ bản, gốc, nền móng"
913,基準 (きじゅん),"tiêu chí, quy chuẩn"
914,標準 (ひょうじゅん),"mặc định, chuẩn"
915,典型 (てんけい),"điển hình, kiểu cách"
916,方言 (ほうげん),tiếng địa phương
917,分布 (ぶんぷ),"phân bố, phân phối"
918,発展 (はってん),"phát triển, dẫn đến, thành ra"
919,文明 (ぶんめい),văn minh
920,普及 (ふきゅう),"phổ cập, phổ biến"
921,制限 (せいげん),hạn chế
922,限度 (げんど),"giới hạn, hạn mức"
923,限界 (げんかい),giới hạn
924,検討 (けんとう),"cân nhắc, xem xét"
925,選択 (せんたく),lựa chọn
926,考慮 (こうりょ),"xem xét, suy tính"
927,重視 (じゅうし),"xem trọng, coi trọng"
928,見当 (けんとう),"phỏng đoán, ước tính"
929,訂正 (ていせい),"đính chính, sửa lại"
930,修正 (しゅうせい),"chỉnh sửa, khắc phục"
931,反抗 (はんこう),"phản kháng, chống đối"
932,抵抗 (ていこう),"đề kháng, kháng cự"
933,災難 (さいなん),"rủi ro, đen đủi, thiên tai"
934,汚染 (おせん),ô nhiễm
935,害 (がい),có hại
936,伝染 (でんせん),"truyền nhiễm, lan truyền"
937,対策 (たいさく),"biện pháp, đối sách"
938,処置 (しょち),"xử lý, điều trị"
939,処分 (しょぶん),"xử lí, trừng phạt, vứt bỏ"
940,処理 (しょり),"sơ chế, xử lý"
941,輪 (わ),"vòng, lặp"
942,でこぼこ,lồi lõm
943,跡 (あと),"dấu vết, vết tích"
944,手間 (てま),"thời gian, công sức"
945,能率 (のうりつ),"hiệu quả, năng suất"
946,性能 (せいのう),"hiệu năng, hiệu suất"
947,操作 (そうさ),"thao tác, vận hành"
948,発揮 (はっき),"phát huy, gắng sức"
949,頂点 (ちょうてん),"đỉnh, đứng đầu, đứng top"
950,周辺 (しゅうへん),"xung quanh, ngoại vi"
951,現場 (げんば),"công trường, nơi làm việc"
952,状況 (じょうきょう),"tình hình, tình huống"
953,組織 (そしき),tổ chức
954,制度 (せいど),"chế độ, hệ thống"
955,構成 (こうせい),cấu trúc
956,形式 (けいしき),"hình thức, định dạng"
957,傾向 (けいこう),"xu hướng, hiện tượng, khuynh hướng"
958,方針 (ほうしん),phương châm; chính sách
959,徹底 (てってい),"triệt để, tỉ mỉ, kỹ lưỡng"
960,分析 (ぶんせき),phân tích
961,維持 (いじ),duy trì
962,管理 (かんり),"quản lý, bảo quản"
963,行方 (ゆくえ),"tung tích, hành tung"
964,端 (はし),"cạnh, ven, bở, mép"
965,場 (ば),"địa điểm, nơi, chỗ, nơi"
966,分野 (ぶんや),lĩnh vực
967,需要 (じゅよう),"nhu cầu, cung cầu"
968,供給 (きょうきゅう),cung cấp
969,物資 (ぶっし),"vật tư, cứu trợ"
970,用途 (ようと),"sử dụng, công dụng"
971,関連 (かんれん),"liên quan, quan hệ"
972,消耗 (しょうもう),"tiêu thụ, tiêu hao"
973,欠陥 (けっかん),"sai sót, lỗi"
974,予備 (よび),"dự phòng, dự trữ, dự bị"
975,付属 (ふぞく),"trực thuộc, đính kèm"
976,手当 (てあて),"trị liệu, chuẩn bị, trợ cấp, thù lao"
977,元 (もと),"nguyên, ban đầu, lý do"
978,面 (めん),"mặt, bề mặt, diện mạo"
979,說 (せつ),"thuyết, ý kiến"
980,差 (さ),"sai khác, khoảng cách, hiệu số"
981,間 (ま),"giữa, trong khoảng"
982,分 (ぶん),"thành phần, điều kiện"
983,筋 (すじ),"logic, hợp lí, tố chất"
984,余裕 (よゆう),phần dư
985,負担 (ふたん),"gánh vác, trách nhiệm"
986,保証 (ほしょう),"Cam kết, bảo hành, bảo lãnh"
987,催促 (さいそく),"thúc giục, hối thúc"
988,成立 (せいりつ),"thành lập, hình thành, thành lập"
989,矛盾 (むじゅん),mâu thuẫn
990,存在 (そんざい),"tồn tại, sẵn có"
991,編む (あむ),đan
992,縫う (ぬう),"may, khâu lại"
993,指す (さす),"biểu thị, ám chỉ"
994,示す (しめす),"chỉ, bày tỏ, biểu hiện"
995,注ぐ (そそぐ),"rót, dồn, tưới"
996,すすぐ,"rửa, súc"
997,触る (さわる),"sở, chạm"
998,触れる (ふれる),"chạm, đề cập, tiếp xúc"
999,抱く (いだく),"ôm, mang, chứa đựng"
1000,抱える (かかえる),"Ôm, mang, cầm trong tay"
1001,担ぐ (かつぐ),"mang, vác, lừa bịp, mê tín"
1002,剥がす (はがす),"bóc ra, lột vỏ"
1003,描く (えがく),"vẽ, phác họa"
1004,砕ける (くだける),"bị vỡ, trơn, hỏng"
1005,砕く (くだく),"nghiên, đập nhỏ, giải quyết vấn đề"
1006,ふさがる,"bị tắc, nghẽn, ngập tràn, bịt kin"
1007,ふさぐ,"Bế tắc, trầm cảm, bịt"
1008,避ける (さける),"Phòng, tránh, tránh né"
1009,よける,"tránh, để qua một bên, né"
1010,それる,"trượt, lệch, lạc đề"
1011,そらす,"trốn tránh, lảng tránh"
1012,見つめる (みつめる),"nhìn chằm chằm, chăm chú"
1013,眺める (ながめる),"nhìn, ngắm"
1014,見合わせる (みあわせる),"nhìn nhau, bị hoãn, hoãn lại"
1015,見送る (みおくる),"Đưa tiễn, hoàn, bỏ lỡ"
1016,訪れる (おとずれる),ghé thăm
1017,引き返す (ひきかえす),quay ngược lại
1018,去る (さる),"trước, đã qua"
1019,すする,"húp, hút, khịt mũi"
1020,味わう (あじわう),"thưởng thức, trải nghiệm, nhấm nháp, tận hưởng"
1021,匂う (におう),"có mùi, đáng nghi"
1022,飢える (うえる),"đói, thèm, khao khát"
1023,問う (とう),"đòi hỏi, yêu cầu"
1024,語る (かたる),"kể lại, thuật lại"
1025,誓う (ちかう),"thề, hứa"
1026,支える (ささえる),"hỗ trợ, giữ, duy trì, nâng đỡ"
1027,費やす (ついやす),"tiêu hao, hao phí"
1028,用いる (もちいる),"sử dụng, tiếp nhận, bổ nhiệm"
1029,改まる (あらたまる),"thay đổi, khách sáo, giữ ý"
1030,改める (あらためる),"cải tiến, thay đổi, kiểm tra xác nhận, cải thiện"
1031,収まる・納まる (おさまる),"thỏa lòng, vừa vặn, lắng xuống"
1032,収める (おさめる),"giải quyết, đạt được, cất giấu, thu được, nộp..."
1033,沿う・添う (そう),"dọc theo, men theo"
1034,添える (そえる),gắn với
1035,兼ねる (かねる),kết hợp
1036,適する (てきする),"hợp, xứng đáng"
1037,相当する (そうとうする),"tương ứng, tương đương"
1038,伴う (ともなう),"kéo theo, dìu dắt, phát sinh"
1039,響く (ひびく),"vang vọng, chấn động, dội lại, ảnh hưởng đến"
1040,次ぐ (つぐ),"tiếp theo, nối tiếp"
1041,略す (りゃくす),"lượt bớt, viết tắt, tóm gọn"
1042,迫る (せまる),"tiến sát, sức ép, đến với"
1043,狙う (ねらう),"nhắm đến, thả thính, rình rập, để ý đến"
1044,犯す (おかす),"phạm, phạm phải"
1045,侵す (おかす),"xâm phạm, bị bệnh nặng"
1046,冒す (おかす),"can đảm, đương đầu"
1047,脅す (おどす),"bắt nạt, đe dọa"
1048,脅かす (おびやかす),hù dọa
1049,逆らう (さからう),"ngược ý, ngược dòng"
1050,妨げる (さまたげる),"ngăn chặn, gây trở ngại, cản trở"
1051,打ち消す (うちけす),"phủ nhận, bác bỏ"
1052,応じる (おうじる),"chấp nhận, đáp ứng"
1053,承る (うけたまわる),"nhận, nghe (Khiêm nhường ngữ của 聞く)"
1054,頂戴する (ちょうだいする),Làm...cho tôi
1055,学ぶ (まなぶ),học hỏi
1056,練る (ねる),"nhào trộn, gọt giũa, trau chuốt"
1057,負う (おう),"mang, vác"
1058,果たす (はたす),hoàn thành
1059,引き受ける (ひきうける),"nhận, đảm nhiệm"
1060,増す (ます),tăng lên
1061,欠ける (かける),"bỏ lỡ, thiếu sót"
1062,欠かす (かかす),"thiếu, bỏ qua"
1063,澄む (すむ),"trong sạch, sáng, trong trẻo"
1064,濁る (にごる),"dính bùn, đục"
1065,濁す (にごす),"ngập ngừng, làm đục, mơ hổ"
1066,生じる (しょうじる),"phát sinh, nguyên nhân"
1067,及ぶ (およぶ),"đạt đến, lan ra, đuổi kịp"
1068,及ぼす (およぼす),"gây ra ( ảnh hưởng, hại )"
1069,至る (いたる),"dẫn đến, đi đến, đạt tới"
1070,達する (たっする),"đến, chạm tới"
1071,実る (みのる),"đạt kết quả, chín, ra quả"
1072,暮れる (くれる),"tối, hết, lặn ( mặt trời )"
1073,劣る (おとる),kém hơn
1074,異なる (ことなる),khác
1075,乱れる (みだれる),"hỗn hoạn, bị nhầm lẫn"
1076,乱す (みだす),"lộn xộn, làm đảo lộn, làm hỏng, chen ngang"
1077,緩む (ゆるす),"nới lỏng, được thư giãn, thả lỏng"
1078,緩める (ゆるめる),"lỏng, thư giãn, hạ xuống"
1079,さびる,"bị rỉ sét, héo mòn"
1080,接する (せっする),"gắn với, tiếp xúc, trực tiếp"
1081,属する (ぞくする),thuộc về
1082,占める (しめる),"chiếm, giữ (vị trí), đứng đầu"
1083,くたびれる,"bị mệt, sờn, hỏng( quần áo)"
1084,恵まれる (めぐまれる),"được ban cho, may mắn có được"
1085,湧く (わく),"trỗi dậy, trào ra, phát sinh"
1086,ほほえむ,cười
1087,ふざける,"quậy phá, đùa cợt"
1088,悔やむ (くやむ),"hối tiếc, ăn năn, buồn bã, ân hận"
1089,ためらう,"chần chừ, lưỡng lự"
1090,敬う (うやまう),"tôn trọng, kính trọng"
1091,さっぱり,"sảng khoái, thẳng tính"
1092,すっきり,"gọn gàng, trong sáng, dễ chịu"
1093,実に (じつに),"thực sự là, thực tế, thực ra"
1094,思い切り (おもいきり),"thỏa thích, hết cỡ"
1095,何となく (なんとなく),"Không hiểu sao, đôi chút, phần nào"
1096,何だか (なんだか),"sao mà, không hiểu sao, có cái gì đó"
1097,どうにか,"bằng mọi giá, dù thế nào"
1098,どうにも,chẳng thể làm gì
1099,何とか (なんとか),"điều gì đó, thứ gì đó"
1100,何とも (なんとも),"Không... 1 chút nào, có trường hợp"
1101,わざと,"cố ý, cố tình"
1102,わざわざ,Mất công... ( nhưng không được gì )
1103,せっかく,"Mất công... ( nhưng có kết quả ), hiếm lắm mới, nỗ lực phấn đấu"
1104,あいにく,"đáng tiếc, không may"
1105,案の定 (あんのじょう),như mong đợi
1106,いよいよ,"cuối cùng, đã đến lúc, càng ngày càng"
1107,さすが,"quả là, như dự đoán, thật đúng là"
1108,とにかく,"dù sao thì, nói chung là"
1109,ともかく,"dù sao, đặt (cái gì) sang một bên"
1110,せめて,ít nhất là
1111,せいぜい,"Tối đa, không hơn được nữa, căng lắm là"
1112,どうせ,"dù cho, đằng nào thì"
1113,ぎっしり,"lèn chặt, chặt kín, sin sit"
1114,ずらりと,hàng loạt
1115,あっさり,"Thanh đạm, dễ dàng, nhanh chóng"
1116,しんと・しいんと,"yên lặng, lặng lẽ"
1117,ちゃんと,"nghiêm túc, cẩn thận, chắc chắn, nhanh chóng"
1118,続々 (ぞくぞく),"liên tục, nối đuôi nhau"
1119,どっと,"bất thình lình, bất chợt"
1120,ばったり,"đột nhiên, bất ngờ, tình cờ"
1121,さっさと,"nhanh chóng, gấp rút"
1122,さっと,"thoắt 1 cái, trong tích tắc"
1123,すっと,"Nhanh như chớp, thoải mái, nhẹ nhàng"
1124,せっせと,"siêng năng, cần cù"
1125,ざっと,"Qua loa, đại khái, lướt qua"
1126,こっそり,"Vụng trộm, lén lút, nhẹ nhàng, rón rén"
1127,生き生き (いきいき),"sinh động, phấn khích, hoạt bát, tràn trề"
1128,ぼんやり,"mờ ảo, không rõ, mông lung"
1129,ふと,"đột nhiên, bất chợt"
1130,じかに,trực tiếp
1131,一度に (いちどに),"1 lúc, 1 lần"
1132,一斉に (いっせいに),"cùng lúc, đồng loạt, đồng thanh"
1133,共に (ともに),cùng với
1134,相互に (そうごに),"lẫn nhau, cùng nhau"
1135,一人一人 (ひとりひとり),"từng người một, lần lượt, mỗi người"
1136,いちいち,"chi li, xét nét, hở 1 chút là..."
1137,所々 (ところどころ),"đây đó, đôi chỗ"
1138,どうか,làm ơn
1139,できれば・できたら,nếu có thể
1140,たいして,"Không...nhiều; không... lắm, so với"
1141,恐らく (おそらく),"có lẽ, e rằng, sợ là"
1142,むしろ,"hơn, tốt"
1143,果たして (はたして),"như dự đoán, thật sự là"
1144,かえって,"ngược lại, ai ngờ là"
1145,必ずしも (かならずしも),"không hẳn, chưa chắc"
1146,単に (たんに),"chỉ, đơn giản"
1147,いまだに,"vẫn chưa, vẫn còn"
1148,ついでに,"nhân tiện, tiện thể"
1149,とりあえず,"tạm thời, trước mắt"
1150,万一(が) (まんいち(が)),"nếu lỡ, bất trắc"
1151,偶然 (ぐうぜん),"ngẫu nhiên, bất ngờ"
1152,たまたま,"tình cờ, ngẫu nhiên"
1153,実際 (じっさい),"thực tế là, sự thực"
1154,同様 (どうよう),"giống như, tương tự"
1155,元々 (もともと),"ban đầu, vốn dĩ"
1156,本来 (ほんらい),"từ trước tới giờ, nguyên bản, bản chất"
1157,ある,"có, một số"
1158,あらゆる,"tất cả, mọi"
1159,たいした,"to tát, tuy không phải ~ nhưng"
1160,いわゆる,"nói nôm na là, tức là, nghĩa là, nói cách khác..."
