stt,pattern,reading,meaning,connection,usage_notes,level,exam_ja_1,exam_vi_1,exam_ja_2,exam_vi_2,similar_patterns,card_type
1,〜げ（な／に）,〜げ（な／に）,"Có vẻ, mang cảm giác...",A-i (bỏ い) / A-na (bỏ な) / V-masu (bỏ ます) + げ,"Dùng miêu tả tâm trạng, cảm xúc hoặc trạng thái của người khác qua vẻ bề ngoài, cử chỉ, ánh mắt. Thường không dùng cho bản thân.",N2,彼女は悲しげな表情でうつむいていた。,Cô ấy cúi gầm mặt với vẻ mặt có vẻ đau buồn.,彼は自信ありげに手を挙げた。,Anh ấy giơ tay với vẻ đầy tự tin.,類: 〜そう (phổ biến hơn) / 〜っぽい (thiên về tính chất),grammar
2,〜がち,〜がち,"Thường hay, dễ bị (xu hướng xấu)",V-masu (bỏ ます) / N + がち,"Biểu thị một xu hướng tiêu cực hoặc không mong muốn dễ lặp đi lặp lại (hay ốm, hay vắng mặt, dễ hiểu lầm).",N2,一人暮らしの人は野菜不足になりがちだ。,Người sống một mình thường hay bị thiếu rau xanh.,最近、彼は体調を崩しがちで会社を休んでいる。,Gần đây anh ấy hay bị ốm nên nghỉ làm.,類: 〜やすい (dễ xảy ra tính chất vật lý) / 対: 〜にくい,grammar
3,〜っぽい,〜っぽい,"Hơi có vẻ, đậm chất, hay (mang tính chất)",N / A-i (bỏ い) / V-masu (bỏ ます) + っぽい,"Cảm giác có tính chất đó mạnh mẽ, hoặc dễ nổi cáu, mau chán (dùng trong khẩu ngữ, văn nói).",N2,彼は怒りっぽい性格だから気をつけて。,Anh ấy tính tình rất hay nổi nóng nên hãy cẩn thận.,このスープは油っぽくて口に合わない。,Món súp này nhiều dầu mỡ quá không hợp khẩu vị của tôi.,類: 〜らしい (đúng bản chất thực) / 〜気味 (có triệu chứng),grammar
4,〜気味,〜ぎみ,"Có vẻ, có triệu chứng nhẹ là...",V-masu (bỏ ます) / N + 気味,"Cảm thấy hơi có triệu chứng, khuynh hướng không tốt (cảm cúm, mệt mỏi, căng thẳng).",N2,風邪気味なので、今夜は早く寝ます。,Tôi cảm thấy hơi bị cảm nên tối nay sẽ đi ngủ sớm.,最近仕事が忙しくて寝不足気味だ。,Dạo gần đây công việc bận rộn nên tôi hơi có triệu chứng thiếu ngủ.,類: 〜がち (tần suất lặp lại nhiều lần) / 〜っぽい,grammar
5,Vれるものなら / Vれるもんなら,Vれるものなら,Nếu như có thể làm được thì...,V-khả năng + ものなら / もんなら,Giả định một việc thực tế gần như không thể hoặc rất khó thực hiện. Vế sau thể hiện nguyện vọng mãnh liệt của người nói.,N2,帰れるものなら、今すぐ国へ帰りたい。,Nếu mà về được thì tôi muốn về nước ngay lúc này.,やり直せるものなら、人生をもう一度やり直したい。,Nếu có thể làm lại được thì tôi muốn làm lại cuộc đời một lần nữa.,類: 〜なら (điều kiện thông thường) / 〜ものなら (thách thức: làm thử xem),grammar
6,〜ものだから / 〜もんだから,〜ものだから,"Vì... (biện bạch, giải thích lý do)","V / A / N (thể thông thường, N + な) + ものだから","Dùng để phân trần, giải thích lý do cho một tình huống bất khả kháng ngoài dự tính (thường gặp khi xin lỗi hoặc giải trình).",N2,バスが遅れたものだから、遅刻してしまいました。,Vì xe buýt đến trễ nên tôi đã bị muộn.,あまりに美味しかったものだから、全部食べてしまった。,Vì món ăn ngon quá nên tôi đã lỡ ăn hết sạch.,類: 〜ので / 〜から (khách quan hơn) / 〜もの (văn nói phân bua),grammar
7,〜もの / 〜もん,〜もの / 〜もん,"Vì... mà! (nói lý do mang tính nũng nịu, biện bạch)",V / A / N (thể thông thường) + もの / もん,"Thường dùng ở cuối câu trong văn nói thân mật (phụ nữ, trẻ em), biện minh cho hành động của mình.",N2,「どうして食べないの？」「だって、嫌いなんだもん。」,「Sao con không ăn?」「Tại vì con ghét món này mà.」,まだ子供なんだもの、失敗しても仕方がないよ。,"Nó vẫn còn là con nít mà, có thất bại cũng đành chịu thôi.",類: 〜から (trung tính),grammar
8,〜ものの,〜ものの,Mặc dù... nhưng...,"V / A / N (thể thông thường, N + である) + ものの","Vế A là sự thật đã thừa nhận, nhưng vế B xảy ra không như kỳ vọng hay kết quả tương xứng. Hay dùng trong văn viết.",N2,大学を卒業したものの、就職先が決まらない。,Mặc dù đã tốt nghiệp đại học nhưng tôi vẫn chưa tìm được chỗ làm việc.,春とはいうものの、まだまだ寒い日が続いている。,Mặc dù nói là mùa xuân nhưng những ngày lạnh giá vẫn tiếp diễn.,類: 〜けれども / 〜とはいえ / 〜にもかかわらず,grammar
9,Nはもとより〜も,Nはもとより〜も,Không chỉ N mà ngay cả... cũng (N là đương nhiên),N + はもとより 〜 も,"Vế trước là điều hiển nhiên, đương nhiên; vế sau bổ sung thêm một yếu tố khác vượt ngoài mức thông thường.",N2,この温泉は日本人はもとより、外国人観光客にも人気がある。,Suối nước nóng này không chỉ người Nhật mà ngay cả khách du lịch nước ngoài cũng rất yêu thích.,彼女は英語はもとより、フランス語も流暢に話せる。,Cô ấy không chỉ tiếng Anh mà ngay cả tiếng Pháp cũng nói rất lưu loát.,類: 〜はもちろん (thông dụng) / 〜ばかりか,grammar
10,N1はともかく（として）N2は / が,N1はともかく（として）N2は / が,"N1 thì tạm gác lại, trước hết N2...",N + はともかく（として）,"Tạm thời không bàn tới N1 (vì chưa quan trọng hoặc khó đạt được), mà ưu tiên nhấn mạnh vào N2.",N2,値段はともかく、デザインがとても気に入った。,"Giá cả thì tạm gác sang một bên, tôi rất thích kiểu dáng của nó.",結果はともかく、全力を尽くすことが大切だ。,"Kết quả ra sao thì chưa tính tới, quan trọng nhất là phải nỗ lực hết mình.",類: 〜はさておき / 〜は別として,grammar
11,N1はまだしもN2...,N1はまだしもN2...,"N1 thì còn châm chước được, chứ N2 thì không thể",N + はまだしも,"Biểu thị N1 dù có khuyết điểm nhưng vẫn ở mức tạm chấp nhận được, còn N2 thì tệ hơn nhiều hoặc hoàn toàn không thể chấp nhận.",N2,10分や20分の遅刻ならまだしも、1時間も待たせるなんて許せない。,"Trễ 10 hay 20 phút thì còn chấp nhận được, chứ bắt đợi cả tiếng đồng hồ thì không thể tha thứ.",一度の失敗ならまだしも、何度も同じミスを繰り返すのは問題だ。,"Thất bại một lần thì còn châm chước, chứ lặp đi lặp lại cùng một lỗi nhiều lần là có vấn đề.",類: 〜ならまだいい / 〜なら許せる,grammar
12,〜たまらない,〜たまらない,...không chịu nổi / cực kỳ... (cảm xúc không thể kìm nén),A-i (くて) / A-na (で) / V-te + たまらない,"Diễn tả cảm xúc, mong muốn hoặc cảm giác cơ thể (như đói, khát, đau) mạnh mẽ đến mức không thể kiềm chế hay chịu đựng được.",N2,今日は暑くてたまらないから、冷たいジュースが飲みたい。,Hôm nay trời nóng không chịu nổi nên tôi muốn uống nước trái cây mát lạnh.,合格の知らせを聞いて、嬉しくてたまらなかった。,"Nghe tin đỗ kỳ thi, tôi vui mừng khôn xiết.",類: 〜てしょうがない / 〜てならない,grammar
13,〜仕方がない / 〜しょうがない,〜しかたがない / 〜しょうがない,...vô cùng / không biết phải làm sao / đành chịu,A-i (くて) / A-na (で) / V-te + 仕方がない,"Diễn tả cảm xúc tự nhiên trào dâng không kiểm soát được, hoặc tình huống không còn phương sách nào khác.",N2,一人で外国に住んでいると、寂しくて仕方がない。,"Sống một mình ở nước ngoài, tôi cảm thấy cô đơn vô cùng.",終わってしまったことは悔やんでも仕方がない。,Chuyện đã qua rồi thì có hối hận cũng chẳng làm được gì.,類: 〜てたまらない / 〜てならない,grammar
14,〜かなわない,〜かなわない,"Không thể chịu đựng nổi vì... (phiền toái, bực bội)",A-i (くて) / A-na (で) + かなわない,"Dùng khi người nói cảm thấy vô cùng khó chịu, bất tiện hoặc bực mình trước một hoàn cảnh do người khác hoặc thời tiết gây ra.",N2,隣の部屋の音がうるさくてかなわない。,Âm thanh phòng bên cạnh ồn ào không tài nào chịu nổi.,こんなに毎日雨ばかりではかなわない。,Cứ mưa suốt ngày thế này thì thật là không chịu nổi.,類: 〜てたまらない / 〜て困る,grammar
15,〜ならない,〜ならない,Hết sức... / Vô cùng... (cảm xúc tự phát sâu kín),A-i (くて) / A-na (で) / V-te + ならない,"Thường đi kèm với các động từ/tính từ chỉ tâm trạng xuất phát tự nhiên từ đáy lòng (lo lắng, nhớ nhung, thương cảm...). Mang tính văn viết.",N2,母の病気のことが心配でならない。,Tôi hết sức lo lắng cho bệnh tình của mẹ.,結果がどうなるのか、気になってならない。,Tôi vô cùng bận tâm không biết kết quả sẽ ra sao.,類: 〜てたまらない (thiên về cảm giác cơ thể) / 〜てしょうがない,grammar
16,〜ないことはない,〜ないことはない,Không phải là không... (khẳng định nhẹ / miễn cưỡng),V-nai / A-i (くない) / A-na (ではない) + ことはない,"Phủ định của phủ định để tạo nên lời khẳng định dè dặt, không hoàn toàn tự tin nhưng vẫn có khả năng.",N2,納豆は食べられないことはないが、あまり好きではない。,"Natto thì không phải là tôi không ăn được, nhưng không thích lắm.",走れば間に合わないこともないから、急ごう。,"Nếu chạy thì không phải là không kịp, nên hãy mau lên nào.",類: 〜ないこともない / 〜一応できる,grammar
17,〜ないこともない,〜ないこともない,Cũng không hẳn là không... (có thể làm được nếu cố),V-nai / A-i (くない) / A-na (ではない) + こともない,"Ý nghĩa tương tự 〜ないことはない, biểu đạt khả năng có thể thực hiện được trong một số điều kiện nhất định.",N2,お金を出してくれるなら、一緒に行かないこともないよ。,Nếu cậu bao tiền thì tớ cũng không phải là không đi cùng đâu.,少し時間をくれれば、直せないこともない。,Nếu cho tôi chút thời gian thì cũng không phải là không sửa được.,類: 〜ないことはない,grammar
18,Vないではいられない,Vないではいられない,Không thể không làm V / Buộc phải làm V,V-nai (bỏ ない) + ないではいられない (する → せずにはいられない),Không thể kìm nén được cảm xúc nên buộc phải thực hiện hành động đó ngay lập tức.,N2,その映画の結末を見て、泣かないではいられなかった。,"Xem đến đoạn kết của bộ phim đó, tôi không thể nào không rơi nước mắt.",理不尽な態度に対して、一言文句を言わないではいられなかった。,"Trước thái độ phi lý đó, tôi không thể kìm được việc phải lên tiếng phàn nàn.","類: Vずにはいられない (đồng nghĩa, văn viết)",grammar
19,Vずにはいられない,Vずにはいられない,"Không kìm lại được, không thể không V",V-nai (bỏ ない) + ずにはいられない (する → せずにはいられない),Diễn tả hành động tự nhiên bộc phát do thôi thúc nội tâm mãnh liệt (dạng cổ/trang trọng hơn của 〜ないではいられない).,N2,彼の冗談があまりに面白くて、笑わずにはいられなかった。,Trò đùa của anh ấy buồn cười quá khiến tôi không sao nhịn được cười.,困っている人を見ると、助けずにはいられない性格だ。,Anh ấy là người hễ thấy ai gặp khó khăn là không thể không giúp đỡ.,類: Vないではいられない,grammar
20,Vねばならない,Vねばならない,"Phải làm V (nghĩa vụ, bổn phận trang trọng)",V-nai (bỏ ない) + ねばならない (する → せねばならない),"Văn phong cổ, trang trọng, thường dùng trong bài phát biểu, nguyên tắc luân lý hoặc quyết tâm cá nhân lớn lao.",N2,真実を明らかにするために、我々は戦わねばならない。,"Để làm sáng tỏ sự thật, chúng ta nhất định phải chiến đấu.",どんな困難があっても、この約束は守らねばならない。,"Dù có khó khăn thế nào đi nữa, chúng ta cũng phải giữ trọn lời hứa này.",類: 〜なければならない (thông dụng) / 〜ざるを得ない,grammar
21,Vてはならない,Vてはならない,Không được làm V (cấm đoán trang trọng),V-te + はならない,"Dùng trong các quy định, luật lệ, lời răn dạy đạo đức mang tính trang trọng.",N2,失敗を恐れてチャレンジをやめてはならない。,Không được vì sợ thất bại mà từ bỏ việc thử thách bản thân.,法律を犯すような行為は決してしてはならない。,Tuyệt đối không được làm những hành vi vi phạm pháp luật.,類: 〜てはいけない (thông dụng) / 〜べからず,grammar
22,Vてはいられない / Vてられない,Vてはいられない,Không thể cứ tiếp tục làm V mãi được,V-te + はいられない / られない,"Không thể ngồi yên hay tiếp tục trạng thái đó vì tình huống khẩn cấp, thời gian không cho phép.",N2,もうすぐ試験だから、遊んでばかりはいられない。,Sắp thi rồi nên không thể cứ mải chơi mãi được.,のんびりとお茶を飲んではいられない状況になった。,"Tình huống đã trở nên gấp gáp, không thể thong thả uống trà được nữa.",類: 〜ている場合ではない,grammar
23,Vてばかりは + いられない / Vてばかりも + いられない,Vてばかりは + いられない / Vてばかりも + いられない,Vてばかりは + いられない / Vてばかりも + いられない,Vてばかりは + いられない,Mẫu ngữ pháp N2 dùng để diễn đạt ý nghĩa 'Vてばかりは + いられない / Vてばかりも + いられない'. Xuất hiện phổ biến trong đề thi JLPT N2 và giao tiếp trang trọng.,N2,目標を達成するために、努力てばかりは + いられないことが大切である。,"Để đạt được mục tiêu, việc (Vてばかりは + いられない / Vてばかりも + いられない) là rất quan trọng.",日々の練習を積み重ねて、努力てばかりは + いられない成果を得ることができた。,"Nhờ tích lũy luyện tập mỗi ngày, tôi đã đạt được thành quả (Vてばかりは + いられない / Vてばかりも + いられない).",類: Vてばかりは + いられない / Mẫu ngữ pháp N2 liên quan,grammar
24,〜かいがある / 〜かいあって,〜かいがある,"Bõ công, thật đáng công...",V-ta / N + の + かいがある / かいあって,"Nỗ lực, cố gắng đã được đền đáp xứng đáng bằng một kết quả tốt đẹp.",N2,毎日一生懸命練習したかいがあって、試合に勝てた。,"Bõ công luyện tập chăm chỉ mỗi ngày, chúng tôi đã thắng trận đấu.",苦労したかいがあって、念願のマイホームを手に入れた。,"Bõ công vất vả bao năm, cuối cùng tôi đã mua được ngôi nhà mơ ước.",対: 〜かいがない (uổng công),grammar
25,〜かいがない / かい（も）なく〜,〜かいがない / かい（も）なく〜,〜かいがない / かい（も）なく〜,V (thể thông thường) / N / A + かいがない,Mẫu ngữ pháp N2 dùng để diễn đạt ý nghĩa '〜かいがない / かい（も）なく〜'. Xuất hiện phổ biến trong đề thi JLPT N2 và giao tiếp trang trọng.,N2,目標を達成するために、かいがないことが大切である。,"Để đạt được mục tiêu, việc (〜かいがない / かい（も）なく〜) là rất quan trọng.",日々の練習を積み重ねて、かいがない成果を得ることができた。,"Nhờ tích lũy luyện tập mỗi ngày, tôi đã đạt được thành quả (〜かいがない / かい（も）なく〜).",類: 〜かいがない / Mẫu ngữ pháp N2 liên quan,grammar
26,Vがい,Vがい,Vがい,Vがい,Mẫu ngữ pháp N2 dùng để diễn đạt ý nghĩa 'Vがい'. Xuất hiện phổ biến trong đề thi JLPT N2 và giao tiếp trang trọng.,N2,目標を達成するために、努力がいことが大切である。,"Để đạt được mục tiêu, việc (Vがい) là rất quan trọng.",日々の練習を積み重ねて、努力がい成果を得ることができた。,"Nhờ tích lũy luyện tập mỗi ngày, tôi đã đạt được thành quả (Vがい).",類: Vがい / Mẫu ngữ pháp N2 liên quan,grammar
27,Vてまで（も） / NまでVて,Vてまで（も） / NまでVて,Vてまで（も） / NまでVて,Vてまで（も）,Mẫu ngữ pháp N2 dùng để diễn đạt ý nghĩa 'Vてまで（も） / NまでVて'. Xuất hiện phổ biến trong đề thi JLPT N2 và giao tiếp trang trọng.,N2,目標を達成するために、努力てまで（も）ことが大切である。,"Để đạt được mục tiêu, việc (Vてまで（も） / NまでVて) là rất quan trọng.",日々の練習を積み重ねて、努力てまで（も）成果を得ることができた。,"Nhờ tích lũy luyện tập mỗi ngày, tôi đã đạt được thành quả (Vてまで（も） / NまでVて).",類: Vてまで（も） / Mẫu ngữ pháp N2 liên quan,grammar
28,Vかける / VかけのN / Vかけだ,Vかける,Đang làm dở dang / Suýt nữa thì...,V-masu (bỏ ます) + かける / かけのN / かけだ,"Hành động đã bắt đầu nhưng chưa hoàn thành, đang ở trạng thái dở dang.",N2,机の上に読みかけの本が置いてある。,Trên bàn có đặt cuốn sách đọc dở.,彼は何かを言いかけて、口をつぐんだ。,Anh ấy định nói điều gì đó dở chừng rồi lại ngậm miệng lại.,類: 〜途中だ,grammar
29,V切る / V切れる / V切れない,Vきる / Vきれる / Vきれない,Làm xong hết toàn bộ / Không thể nào làm hết được,V-masu (bỏ ます) + 切る / 切れる / 切れない,"Thực hiện hành động đến cùng, hoàn toàn hết sạch không còn sót lại.",N2,長いマラソンコースをやっと走り切った。,Cuối cùng tôi đã chạy hết toàn bộ quãng đường marathon dài.,こんなにたくさんの料理はとても食べ切れません。,Nhiều món ăn như thế này thì tôi không tài nào ăn hết được.,類: 〜尽くす / 〜抜く,grammar
30,V得る / V得ない,Vえる・うる / Vえない,Có khả năng xảy ra / Không thể nào xảy ra,V-masu (bỏ ます) + 得る (える/うる) / 得ない (えない),"Khả năng xảy ra của một sự việc trên thực tế hay lý thuyết. Không dùng cho năng lực cá nhân (như biết bơi, biết lái xe).",N2,事故はいつでも起こり得るから、注意が必要だ。,"Tai nạn có thể xảy ra bất cứ lúc nào, nên cần phải cẩn thận.",彼がそんな不正をするなんて、絶対にあり得ない。,Việc anh ấy làm điều phi pháp như thế là hoàn toàn không thể xảy ra.,類: 〜可能性がある / 対: あり得ない,grammar
31,V抜く,Vぬく,Làm đến cùng vượt qua gian khổ,V-masu (bỏ ます) + 抜く,"Kiên trì vượt qua khó khăn, vất vả để hoàn thành trọn vẹn hành động.",N2,どんなにつらくても、最後までやり抜く決意だ。,"Dù có khó khăn thế nào, tôi cũng quyết tâm làm tới cùng.",悩みに悩み抜いた末に、会社を辞めることにした。,"Sau khi đã suy nghĩ trăn trở hết nước hết cái, tôi quyết định nghỉ việc.",類: 〜最後までやり遂げる,grammar
32,〜うちに,〜うちに,Nhân lúc còn... / Trong khi đang... thì biến đổi,V-dict / V-teiru / V-nai / A-i / A-na (な) / N (の) + うちに,Tận dụng khoảng thời gian điều kiện còn thuận lợi trước khi trạng thái thay đổi.,N2,スープが温かいうちに召し上がってください。,Xin hãy dùng súp nhân lúc còn đang nóng.,テレビを見ているうちに、いつの間にか眠ってしまった。,"Trong lúc đang xem TV, tôi đã ngủ thiếp đi từ lúc nào không biết.",類: 〜あいだに,grammar
33,VるかVないかのうちに,VるかVないかのうちに,VるかVないかのうちに,VるかVないかのうちに,Mẫu ngữ pháp N2 dùng để diễn đạt ý nghĩa 'VるかVないかのうちに'. Xuất hiện phổ biến trong đề thi JLPT N2 và giao tiếp trang trọng.,N2,目標を達成するために、努力るか努力ないかのうちにことが大切である。,"Để đạt được mục tiêu, việc (VるかVないかのうちに) là rất quan trọng.",日々の練習を積み重ねて、努力るか努力ないかのうちに成果を得ることができた。,"Nhờ tích lũy luyện tập mỗi ngày, tôi đã đạt được thành quả (VるかVないかのうちに).",類: VるかVないかのうちに / Mẫu ngữ pháp N2 liên quan,grammar
34,〜限り（は）,〜かぎり（は）,Chừng nào mà còn... thì vẫn...,V-dict / V-nai / A-i / A-na (な/である) / N (である) + 限り,Chừng nào điều kiện vế trước vẫn còn tiếp diễn thì trạng thái vế sau vẫn tiếp tục được duy trì.,N2,日本にいる限り、日本語の勉強を続けたい。,Chừng nào còn ở Nhật Bản thì tôi vẫn muốn tiếp tục học tiếng Nhật.,体が健康である限り、働き続けたいと思っています。,Chừng nào cơ thể còn khỏe mạnh thì tôi vẫn muốn tiếp tục làm việc.,類: 〜間は / 〜うちは,grammar
35,Vる / Vた / Vている + 限り（では）,Vる / Vた / Vている + かぎり（では）,Vる / Vた / Vている + かぎり（では）,Vる,Mẫu ngữ pháp N2 dùng để diễn đạt ý nghĩa 'Vる / Vた / Vている + かぎり（では）'. Xuất hiện phổ biến trong đề thi JLPT N2 và giao tiếp trang trọng.,N2,目標を達成するために、努力ることが大切である。,"Để đạt được mục tiêu, việc (Vる / Vた / Vている + かぎり（では）) là rất quan trọng.",日々の練習を積み重ねて、努力る成果を得ることができた。,"Nhờ tích lũy luyện tập mỗi ngày, tôi đã đạt được thành quả (Vる / Vた / Vている + かぎり（では）).",類: Vる / Mẫu ngữ pháp N2 liên quan,grammar
36,Nに限り / Nに限って,Nにかぎり / Nにかぎって,Chỉ riêng N / Đúng vào lúc N thì lại...,N + に限り / に限って,に限り: dùng trong thông báo ngoại lệ ưu đãi. に限って: diễn tả sự trùng hợp xui xẻo hoặc niềm tin tuyệt đối.,N2,本日ご来店のお客様に限り、全品10％割引いたします。,Chỉ riêng quý khách đến cửa hàng hôm nay sẽ được giảm giá 10% toàn bộ sản phẩm.,傘を持っていない日に限って、雨が降る。,Đúng vào cái ngày không mang ô thì trời lại đổ mưa.,類: 〜だけ / 〜のみ,grammar
37,Nさえ + Vば / Aければ / Aなら / Nなら。Vさえすれば,Nさえ + Vば / Aければ / Aなら / Nなら。Vさえすれば,Nさえ + Vば / Aければ / Aなら / Nなら。Vさえすれば,Nさえ + Vば,Mẫu ngữ pháp N2 dùng để diễn đạt ý nghĩa 'Nさえ + Vば / Aければ / Aなら / Nなら。Vさえすれば'. Xuất hiện phổ biến trong đề thi JLPT N2 và giao tiếp trang trọng.,N2,目標を達成するために、仕事さえ + 努力ばことが大切である。,"Để đạt được mục tiêu, việc (Nさえ + Vば / Aければ / Aなら / Nなら。Vさえすれば) là rất quan trọng.",日々の練習を積み重ねて、仕事さえ + 努力ば成果を得ることができた。,"Nhờ tích lũy luyện tập mỗi ngày, tôi đã đạt được thành quả (Nさえ + Vば / Aければ / Aなら / Nなら。Vさえすれば).",類: Nさえ + Vば / Mẫu ngữ pháp N2 liên quan,grammar
38,〜からこそ,〜からこそ,Chính vì... (nhấn mạnh lý do cốt lõi),V / A / N (thể thông thường) + からこそ,"Nhấn mạnh nguyên nhân duy nhất, tích cực dẫn đến kết quả hoặc hành động.",N2,あなたの将来を心配しているからこそ、厳しく言うのです。,Chính vì lo lắng cho tương lai của cậu nên tôi mới nói nghiêm khắc như vậy.,大変な時期だからこそ、皆で協力し合わなければならない。,Chính vì là thời điểm khó khăn nên mọi người càng phải đoàn kết hợp tác.,類: まさに〜の理由で,grammar
39,Vてこそ,Vてこそ,Chỉ khi làm V thì mới thực sự...,V-te + こそ,"Nhấn mạnh điều kiện tiên quyết, làm xong V mới cảm nhận hoặc đạt được ý nghĩa thực sự.",N2,自分で実際に体験してこそ、その大変さが分かる。,Chỉ khi tự mình trải nghiệm thực tế thì mới hiểu được nỗi vất vả đó.,親になってこそ、親のありがたみが分かるものだ。,Chỉ khi làm cha mẹ thì người ta mới thấu hiểu được công ơn của đấng sinh thành.,類: 〜てはじめて (chỉ sau khi),grammar
40,Vるばかりだ。,Vるばかりだ。,Vるばかりだ。,Vるばかりだ。,Mẫu ngữ pháp N2 dùng để diễn đạt ý nghĩa 'Vるばかりだ。'. Xuất hiện phổ biến trong đề thi JLPT N2 và giao tiếp trang trọng.,N2,目標を達成するために、努力るばかりだ。ことが大切である。,"Để đạt được mục tiêu, việc (Vるばかりだ。) là rất quan trọng.",日々の練習を積み重ねて、努力るばかりだ。成果を得ることができた。,"Nhờ tích lũy luyện tập mỗi ngày, tôi đã đạt được thành quả (Vるばかりだ。).",類: Vるばかりだ。 / Mẫu ngữ pháp N2 liên quan,grammar
41,（ただ）Vる + ばかりだ / のみだ。,（ただ）Vる + ばかりだ / のみだ。,（ただ）Vる + ばかりだ / のみだ。,（ただ）Vる + ばかりだ,Mẫu ngữ pháp N2 dùng để diễn đạt ý nghĩa '（ただ）Vる + ばかりだ / のみだ。'. Xuất hiện phổ biến trong đề thi JLPT N2 và giao tiếp trang trọng.,N2,目標を達成するために、（ただ）努力る + ばかりだことが大切である。,"Để đạt được mục tiêu, việc (（ただ）Vる + ばかりだ / のみだ。) là rất quan trọng.",日々の練習を積み重ねて、（ただ）努力る + ばかりだ成果を得ることができた。,"Nhờ tích lũy luyện tập mỗi ngày, tôi đã đạt được thành quả (（ただ）Vる + ばかりだ / のみだ。).",類: （ただ）Vる + ばかりだ / Mẫu ngữ pháp N2 liên quan,grammar
42,Nにしたら / すれば / してみたら / してみれば,Nにしたら / すれば / してみたら / してみれば,Nにしたら / すれば / してみたら / してみれば,Nにしたら,Mẫu ngữ pháp N2 dùng để diễn đạt ý nghĩa 'Nにしたら / すれば / してみたら / してみれば'. Xuất hiện phổ biến trong đề thi JLPT N2 và giao tiếp trang trọng.,N2,目標を達成するために、仕事にしたらことが大切である。,"Để đạt được mục tiêu, việc (Nにしたら / すれば / してみたら / してみれば) là rất quan trọng.",日々の練習を積み重ねて、仕事にしたら成果を得ることができた。,"Nhờ tích lũy luyện tập mỗi ngày, tôi đã đạt được thành quả (Nにしたら / すれば / してみたら / してみれば).",類: Nにしたら / Mẫu ngữ pháp N2 liên quan,grammar
43,〜と + したら / すれば,〜と + したら / すれば,〜と + したら / すれば,V (thể thông thường) / N / A + と + したら,Mẫu ngữ pháp N2 dùng để diễn đạt ý nghĩa '〜と + したら / すれば'. Xuất hiện phổ biến trong đề thi JLPT N2 và giao tiếp trang trọng.,N2,目標を達成するために、と + したらことが大切である。,"Để đạt được mục tiêu, việc (〜と + したら / すれば) là rất quan trọng.",日々の練習を積み重ねて、と + したら成果を得ることができた。,"Nhờ tích lũy luyện tập mỗi ngày, tôi đã đạt được thành quả (〜と + したら / すれば).",類: 〜と + したら / Mẫu ngữ pháp N2 liên quan,grammar
44,〜としても / としたって,〜としても / としたって,〜としても / としたって,V (thể thông thường) / N / A + としても,Mẫu ngữ pháp N2 dùng để diễn đạt ý nghĩa '〜としても / としたって'. Xuất hiện phổ biến trong đề thi JLPT N2 và giao tiếp trang trọng.,N2,目標を達成するために、としてもことが大切である。,"Để đạt được mục tiêu, việc (〜としても / としたって) là rất quan trọng.",日々の練習を積み重ねて、としても成果を得ることができた。,"Nhờ tích lũy luyện tập mỗi ngày, tôi đã đạt được thành quả (〜としても / としたって).",類: 〜としても / Mẫu ngữ pháp N2 liên quan,grammar
45,N1をN2としてV / するN / したN,N1をN2としてV / するN / したN,N1をN2としてV / するN / したN,N1をN2としてV,Mẫu ngữ pháp N2 dùng để diễn đạt ý nghĩa 'N1をN2としてV / するN / したN'. Xuất hiện phổ biến trong đề thi JLPT N2 và giao tiếp trang trọng.,N2,目標を達成するために、計画を実行として努力ことが大切である。,"Để đạt được mục tiêu, việc (N1をN2としてV / するN / したN) là rất quan trọng.",日々の練習を積み重ねて、計画を実行として努力成果を得ることができた。,"Nhờ tích lũy luyện tập mỗi ngày, tôi đã đạt được thành quả (N1をN2としてV / するN / したN).",類: N1をN2としてV / Mẫu ngữ pháp N2 liên quan,grammar
46,〜とともに,〜とともに,〜とともに,V (thể thông thường) / N / A + とともに,Mẫu ngữ pháp N2 dùng để diễn đạt ý nghĩa '〜とともに'. Xuất hiện phổ biến trong đề thi JLPT N2 và giao tiếp trang trọng.,N2,目標を達成するために、とともにことが大切である。,"Để đạt được mục tiêu, việc (〜とともに) là rất quan trọng.",日々の練習を積み重ねて、とともに成果を得ることができた。,"Nhờ tích lũy luyện tập mỗi ngày, tôi đã đạt được thành quả (〜とともに).",類: 〜とともに / Mẫu ngữ pháp N2 liên quan,grammar
47,〜ともない / ともなって / ともなうN,〜ともない / ともなって / ともなうN,〜ともない / ともなって / ともなうN,〜ともない,Mẫu ngữ pháp N2 dùng để diễn đạt ý nghĩa '〜ともない / ともなって / ともなうN'. Xuất hiện phổ biến trong đề thi JLPT N2 và giao tiếp trang trọng.,N2,目標を達成するために、ともないことが大切である。,"Để đạt được mục tiêu, việc (〜ともない / ともなって / ともなうN) là rất quan trọng.",日々の練習を積み重ねて、ともない成果を得ることができた。,"Nhờ tích lũy luyện tập mỗi ngày, tôi đã đạt được thành quả (〜ともない / ともなって / ともなうN).",類: 〜ともない / Mẫu ngữ pháp N2 liên quan,grammar
48,〜つれて / つれ,〜つれて / つれ,〜つれて / つれ,V (thể thông thường) / N / A + つれて,Mẫu ngữ pháp N2 dùng để diễn đạt ý nghĩa '〜つれて / つれ'. Xuất hiện phổ biến trong đề thi JLPT N2 và giao tiếp trang trọng.,N2,目標を達成するために、つれてことが大切である。,"Để đạt được mục tiêu, việc (〜つれて / つれ) là rất quan trọng.",日々の練習を積み重ねて、つれて成果を得ることができた。,"Nhờ tích lũy luyện tập mỗi ngày, tôi đã đạt được thành quả (〜つれて / つれ).",類: 〜つれて / Mẫu ngữ pháp N2 liên quan,grammar
49,〜したがって / したがい,〜したがって / したがい,〜したがって / したがい,V (thể thông thường) / N / A + したがって,Mẫu ngữ pháp N2 dùng để diễn đạt ý nghĩa '〜したがって / したがい'. Xuất hiện phổ biến trong đề thi JLPT N2 và giao tiếp trang trọng.,N2,目標を達成するために、したがってことが大切である。,"Để đạt được mục tiêu, việc (〜したがって / したがい) là rất quan trọng.",日々の練習を積み重ねて、したがって成果を得ることができた。,"Nhờ tích lũy luyện tập mỗi ngày, tôi đã đạt được thành quả (〜したがって / したがい).",類: 〜したがって / Mẫu ngữ pháp N2 liên quan,grammar
50,〜とおり / とおりに / とおりだ / とおりのN,〜とおり / とおりに / とおりだ / とおりのN,〜とおり / とおりに / とおりだ / とおりのN,〜とおり,Mẫu ngữ pháp N2 dùng để diễn đạt ý nghĩa '〜とおり / とおりに / とおりだ / とおりのN'. Xuất hiện phổ biến trong đề thi JLPT N2 và giao tiếp trang trọng.,N2,目標を達成するために、とおりことが大切である。,"Để đạt được mục tiêu, việc (〜とおり / とおりに / とおりだ / とおりのN) là rất quan trọng.",日々の練習を積み重ねて、とおり成果を得ることができた。,"Nhờ tích lũy luyện tập mỗi ngày, tôi đã đạt được thành quả (〜とおり / とおりに / とおりだ / とおりのN).",類: 〜とおり / Mẫu ngữ pháp N2 liên quan,grammar
51,Vる / Vられる + ままに,Vる / Vられる + ままに,Vる / Vられる + ままに,Vる,Mẫu ngữ pháp N2 dùng để diễn đạt ý nghĩa 'Vる / Vられる + ままに'. Xuất hiện phổ biến trong đề thi JLPT N2 và giao tiếp trang trọng.,N2,目標を達成するために、努力ることが大切である。,"Để đạt được mục tiêu, việc (Vる / Vられる + ままに) là rất quan trọng.",日々の練習を積み重ねて、努力る成果を得ることができた。,"Nhờ tích lũy luyện tập mỗi ngày, tôi đã đạt được thành quả (Vる / Vられる + ままに).",類: Vる / Mẫu ngữ pháp N2 liên quan,grammar
52,〜ことに,〜ことに,〜ことに,V (thể thông thường) / N / A + ことに,Mẫu ngữ pháp N2 dùng để diễn đạt ý nghĩa '〜ことに'. Xuất hiện phổ biến trong đề thi JLPT N2 và giao tiếp trang trọng.,N2,目標を達成するために、ことにことが大切である。,"Để đạt được mục tiêu, việc (〜ことに) là rất quan trọng.",日々の練習を積み重ねて、ことに成果を得ることができた。,"Nhờ tích lũy luyện tập mỗi ngày, tôi đã đạt được thành quả (〜ことに).",類: 〜ことに / Mẫu ngữ pháp N2 liên quan,grammar
53,〜あまり,〜あまり,〜あまり,V (thể thông thường) / N / A + あまり,Mẫu ngữ pháp N2 dùng để diễn đạt ý nghĩa '〜あまり'. Xuất hiện phổ biến trong đề thi JLPT N2 và giao tiếp trang trọng.,N2,目標を達成するために、あまりことが大切である。,"Để đạt được mục tiêu, việc (〜あまり) là rất quan trọng.",日々の練習を積み重ねて、あまり成果を得ることができた。,"Nhờ tích lũy luyện tập mỗi ngày, tôi đã đạt được thành quả (〜あまり).",類: 〜あまり / Mẫu ngữ pháp N2 liên quan,grammar
54,〜わけだ,〜わけだ,"Thảo nào, hèn chi / Đương nhiên là...","V / A / N (thể thông thường, N + な/である) + わけだ",Hiểu ra nguyên nhân lý do tất yếu của một sự việc sau khi được giải thích.,N2,エアコンが壊れていたのか。どうりで部屋が暑いわけだ。,Hóa ra điều hòa bị hỏng à. Hèn chi mà trong phòng nóng thế.,5年も日本に住んでいるなら、日本語が上手なわけだ。,Nếu đã sống ở Nhật 5 năm thì thảo nào tiếng Nhật của anh ấy giỏi như vậy.,類: なるほど〜のはずだ,grammar
55,〜わけではない / 〜わけでもない,〜わけではない,Không hẳn là... / Không nhất thiết là...,"V / A / N (thể thông thường, N + な/である) + わけではない","Phủ định một phần, làm giảm bớt tính tuyệt đối của sự việc.",N2,日本料理が嫌いなわけではないが、辛い料理のほうが好きだ。,"Không hẳn là tôi ghét món Nhật, nhưng tôi thích các món cay hơn.",高いものが必ずしもすべて良いわけではない。,Không hẳn cứ đồ đắt tiền thì tất cả đều tốt.,類: 〜とは限らない,grammar
56,〜わけがない / 〜わけはない,〜わけがない,Tuyệt đối không thể... / Lẽ nào lại...,"V / A / N (thể thông thường, N + な/である) + わけがない",Khẳng định chắc chắn 100% một việc không thể nào xảy ra theo lẽ thường.,N2,彼がそんな嘘をつくわけがない。正直な人だから。,Anh ấy tuyệt đối không thể nói dối như thế. Vì anh ấy là người rất trung thực.,こんな難しい問題、小学生に解けるわけがない。,Bài toán khó thế này thì học sinh tiểu học làm sao mà giải được.,類: 〜はずがない / 〜っこない,grammar
57,〜わけにはいかない / 〜わけにもいかない,〜わけにはいかない,Không thể làm thế được (do đạo đức/xã hội) / Buộc phải làm,V-dict / V-nai + わけにはいかない,"Dù muốn hay không muốn cũng không thể làm vì bị ràng buộc bởi đạo đức, pháp luật, quy tắc xã hội.",N2,大事な会議があるので、風邪でも休むわけにはいかない。,Vì có cuộc họp quan trọng nên dù bị cảm tôi cũng không thể nghỉ được.,友人に頼まれた約束を破るわけにはいかない。,Tôi không thể phá bỏ lời hứa đã nhận với bạn mình được.,類: 〜できない (về mặt đạo đức),grammar
58,Vたとたん / とたんに,Vたとたん / とたんに,Vたとたん / とたんに,Vたとたん,Mẫu ngữ pháp N2 dùng để diễn đạt ý nghĩa 'Vたとたん / とたんに'. Xuất hiện phổ biến trong đề thi JLPT N2 và giao tiếp trang trọng.,N2,目標を達成するために、努力たとたんことが大切である。,"Để đạt được mục tiêu, việc (Vたとたん / とたんに) là rất quan trọng.",日々の練習を積み重ねて、努力たとたん成果を得ることができた。,"Nhờ tích lũy luyện tập mỗi ngày, tôi đã đạt được thành quả (Vたとたん / とたんに).",類: Vたとたん / Mẫu ngữ pháp N2 liên quan,grammar
59,〜あげく / あげくに / あげくのN,〜あげく / あげくに / あげくのN,〜あげく / あげくに / あげくのN,〜あげく,Mẫu ngữ pháp N2 dùng để diễn đạt ý nghĩa '〜あげく / あげくに / あげくのN'. Xuất hiện phổ biến trong đề thi JLPT N2 và giao tiếp trang trọng.,N2,目標を達成するために、あげくことが大切である。,"Để đạt được mục tiêu, việc (〜あげく / あげくに / あげくのN) là rất quan trọng.",日々の練習を積み重ねて、あげく成果を得ることができた。,"Nhờ tích lũy luyện tập mỗi ngày, tôi đã đạt được thành quả (〜あげく / あげくに / あげくのN).",類: 〜あげく / Mẫu ngữ pháp N2 liên quan,grammar
60,〜末 / 末に / すえのN,〜末 / 末に / すえのN,〜末 / 末に / すえのN,〜末,Mẫu ngữ pháp N2 dùng để diễn đạt ý nghĩa '〜末 / 末に / すえのN'. Xuất hiện phổ biến trong đề thi JLPT N2 và giao tiếp trang trọng.,N2,目標を達成するために、末ことが大切である。,"Để đạt được mục tiêu, việc (〜末 / 末に / すえのN) là rất quan trọng.",日々の練習を積み重ねて、末成果を得ることができた。,"Nhờ tích lũy luyện tập mỗi ngày, tôi đã đạt được thành quả (〜末 / 末に / すえのN).",類: 〜末 / Mẫu ngữ pháp N2 liên quan,grammar
61,〜思ったら / 思うと,〜思ったら / 思うと,〜思ったら / 思うと,V (thể thông thường) / N / A + 思ったら,Mẫu ngữ pháp N2 dùng để diễn đạt ý nghĩa '〜思ったら / 思うと'. Xuất hiện phổ biến trong đề thi JLPT N2 và giao tiếp trang trọng.,N2,目標を達成するために、思ったらことが大切である。,"Để đạt được mục tiêu, việc (〜思ったら / 思うと) là rất quan trọng.",日々の練習を積み重ねて、思ったら成果を得ることができた。,"Nhờ tích lũy luyện tập mỗi ngày, tôi đã đạt được thành quả (〜思ったら / 思うと).",類: 〜思ったら / Mẫu ngữ pháp N2 liên quan,grammar
62,〜ところ（に / へ / を）,〜ところ（に / へ / を）,〜ところ（に / へ / を）,V (thể thông thường) / N / A + ところ（に,Mẫu ngữ pháp N2 dùng để diễn đạt ý nghĩa '〜ところ（に / へ / を）'. Xuất hiện phổ biến trong đề thi JLPT N2 và giao tiếp trang trọng.,N2,目標を達成するために、ところ（にことが大切である。,"Để đạt được mục tiêu, việc (〜ところ（に / へ / を）) là rất quan trọng.",日々の練習を積み重ねて、ところ（に成果を得ることができた。,"Nhờ tích lũy luyện tập mỗi ngày, tôi đã đạt được thành quả (〜ところ（に / へ / を）).",類: 〜ところ（に / Mẫu ngữ pháp N2 liên quan,grammar
63,Vたところ,Vたところ,Vたところ,Vたところ,Mẫu ngữ pháp N2 dùng để diễn đạt ý nghĩa 'Vたところ'. Xuất hiện phổ biến trong đề thi JLPT N2 và giao tiếp trang trọng.,N2,目標を達成するために、努力たところことが大切である。,"Để đạt được mục tiêu, việc (Vたところ) là rất quan trọng.",日々の練習を積み重ねて、努力たところ成果を得ることができた。,"Nhờ tích lũy luyện tập mỗi ngày, tôi đã đạt được thành quả (Vたところ).",類: Vたところ / Mẫu ngữ pháp N2 liên quan,grammar
64,Vるところ / Nどころ / Vているどころ + ではない / じゃない / ではなく / じゃなく,Vるところ / Nどころ / Vているどころ + ではない / じゃない / ではなく / じゃなく,Vるところ / Nどころ / Vているどころ + ではない / じゃない / ではなく / じゃなく,Vるところ,Mẫu ngữ pháp N2 dùng để diễn đạt ý nghĩa 'Vるところ / Nどころ / Vているどころ + ではない / じゃない / ではなく / じゃなく'. Xuất hiện phổ biến trong đề thi JLPT N2 và giao tiếp trang trọng.,N2,目標を達成するために、努力るところことが大切である。,"Để đạt được mục tiêu, việc (Vるところ / Nどころ / Vているどころ + ではない / じゃない / ではなく / じゃなく) là rất quan trọng.",日々の練習を積み重ねて、努力るところ成果を得ることができた。,"Nhờ tích lũy luyện tập mỗi ngày, tôi đã đạt được thành quả (Vるところ / Nどころ / Vているどころ + ではない / じゃない / ではなく / じゃなく).",類: Vるところ / Mẫu ngữ pháp N2 liên quan,grammar
65,〜どころか,〜どころか,"Nói chi đến... / Ngay cả... cũng không được, trái lại...",N / V-thể thông thường + どころか,"Bác bỏ mức độ trước, nhấn mạnh mức độ thực tế hoàn toàn trái ngược hoặc tệ hơn rất nhiều.",N2,貯金どころか、借金まで抱えてしまっている。,"Nói chi đến tiết kiệm tiền, tôi còn đang phải gánh nợ nần đây này.",風邪は治るどころか、ますます熱が高くなってきた。,Bệnh cảm không những chẳng đỡ mà sốt ngày càng cao hơn.,類: 〜どころではない / 〜どころかそれどころか,grammar
66,Nだらけ,Nだらけ,Nだらけ,Nだらけ,Mẫu ngữ pháp N2 dùng để diễn đạt ý nghĩa 'Nだらけ'. Xuất hiện phổ biến trong đề thi JLPT N2 và giao tiếp trang trọng.,N2,目標を達成するために、仕事だらけことが大切である。,"Để đạt được mục tiêu, việc (Nだらけ) là rất quan trọng.",日々の練習を積み重ねて、仕事だらけ成果を得ることができた。,"Nhờ tích lũy luyện tập mỗi ngày, tôi đã đạt được thành quả (Nだらけ).",類: Nだらけ / Mẫu ngữ pháp N2 liên quan,grammar
67,VたきりVない / Vたきりだ / Vたっきりだ,VたきりVない / Vたきりだ / Vたっきりだ,VたきりVない / Vたきりだ / Vたっきりだ,VたきりVない,Mẫu ngữ pháp N2 dùng để diễn đạt ý nghĩa 'VたきりVない / Vたきりだ / Vたっきりだ'. Xuất hiện phổ biến trong đề thi JLPT N2 và giao tiếp trang trọng.,N2,目標を達成するために、努力たきり努力ないことが大切である。,"Để đạt được mục tiêu, việc (VたきりVない / Vたきりだ / Vたっきりだ) là rất quan trọng.",日々の練習を積み重ねて、努力たきり努力ない成果を得ることができた。,"Nhờ tích lũy luyện tập mỗi ngày, tôi đã đạt được thành quả (VたきりVない / Vたきりだ / Vたっきりだ).",類: VたきりVない / Mẫu ngữ pháp N2 liên quan,grammar
68,Vきり / Vっきり,Vきり / Vっきり,Vきり / Vっきり,Vきり,Mẫu ngữ pháp N2 dùng để diễn đạt ý nghĩa 'Vきり / Vっきり'. Xuất hiện phổ biến trong đề thi JLPT N2 và giao tiếp trang trọng.,N2,目標を達成するために、努力きりことが大切である。,"Để đạt được mục tiêu, việc (Vきり / Vっきり) là rất quan trọng.",日々の練習を積み重ねて、努力きり成果を得ることができた。,"Nhờ tích lũy luyện tập mỗi ngày, tôi đã đạt được thành quả (Vきり / Vっきり).",類: Vきり / Mẫu ngữ pháp N2 liên quan,grammar
69,Vっぱなし,Vっぱなし,Vっぱなし,Vっぱなし,Mẫu ngữ pháp N2 dùng để diễn đạt ý nghĩa 'Vっぱなし'. Xuất hiện phổ biến trong đề thi JLPT N2 và giao tiếp trang trọng.,N2,目標を達成するために、努力っぱなしことが大切である。,"Để đạt được mục tiêu, việc (Vっぱなし) là rất quan trọng.",日々の練習を積み重ねて、努力っぱなし成果を得ることができた。,"Nhờ tích lũy luyện tập mỗi ngày, tôi đã đạt được thành quả (Vっぱなし).",類: Vっぱなし / Mẫu ngữ pháp N2 liên quan,grammar
70,Nに反して / Nに反するN,Nにはんして,"Trái ngược với N (dự đoán, kỳ vọng, quy tắc)",N + に反して / に反し / に反するN,"Kết quả thực tế xảy ra trái ngược hoàn toàn với dự đoán, kỳ vọng hoặc vi phạm quy định pháp luật.",N2,専門家の予想に反して、株価が急激に上昇した。,"Trái ngược với dự đoán của các chuyên gia, giá cổ phiếu đã tăng vọt.",親の期待に反して、彼は大学に進学しなかった。,"Trái với kỳ vọng của cha mẹ, anh ấy đã không học lên đại học.",類: 〜とは逆に / 対: 〜に従って,grammar
71,〜反面,〜はんめん,"Mặt khác, ngược lại (hai mặt của cùng một vấn đề)","V / A / N (thể thông thường, N + である) + 反面","Miêu tả hai mặt đối lập, tồn tại song song của cùng một đối tượng hay sự việc.",N2,都会の生活は便利な反面、ストレスも多い。,Cuộc sống thành thị tiện lợi nhưng mặt khác lại có nhiều áp lực.,この薬は効果が高い反面、副作用も強い。,Loại thuốc này hiệu quả cao nhưng mặt khác tác dụng phụ cũng rất mạnh.,類: 〜一方で / 〜他方,grammar
72,〜一方（で）,〜いっぽう（で）,Một mặt thì... mặt khác thì...,"V / A / N (thể thông thường, N + である) + 一方（で）",Đưa ra hai khía cạnh đối lập hoặc hai hành động diễn ra song song của cùng một chủ thể/sự việc.,N2,彼は会社を経営する一方で、大学で講義も行っている。,"Một mặt anh ấy điều hành công ty, mặt khác anh ấy cũng tham gia giảng dạy tại trường đại học.",物価が上がる一方で、給料はなかなか上がらない。,"Giá cả hàng hóa thì tăng, trong khi tiền lương mãi vẫn chẳng thấy tăng.",類: 〜反面,grammar
73,Vる一方だ,Vるいっぽうだ,Ngày càng... (có xu hướng liên tục theo một chiều hướng),"V-dict (chỉ sự biến đổi: 増える, 減る, 悪化する...) + 一方だ",Biểu thị sự biến đổi tiếp diễn không ngừng theo một hướng nhất định (thường là chiều hướng tiêu cực hoặc xấu đi).,N2,少子高齢化が進み、人口は減る一方だ。,"Tỷ lệ sinh giảm và già hóa dân số tăng cao, dân số ngày càng giảm sút.",仕事のストレスで、彼の体調は悪化する一方だ。,"Do áp lực công việc, sức khỏe của anh ấy ngày càng trở nên tồi tệ hơn.",類: 〜ばかりだ / 〜どんどん変化する,grammar
74,Vるべきだ / Vるべきではない,Vるべきだ,"Nên làm V / Không nên làm V (đạo đức, trách nhiệm xã hội)",V-dict + べきだ / べきではない (する → すべきだ / するべきだ),"Biểu thị ý kiến, lương tâm hoặc đạo lý thông thường cho rằng việc đó là đương nhiên nên làm. Không dùng để khuyên cấp trên trực tiếp.",N2,約束した以上、どんなことがあっても守るべきだ。,Một khi đã hứa thì dù có chuyện gì xảy ra cũng nên giữ lời.,他人の悪口を言うべきではない。,Không nên nói xấu sau lưng người khác.,類: 〜のが当然だ / 〜したほうがいい,grammar
75,Vざるを得ない,Vざるをえない,Đành phải làm V / Buộc phải làm V dù không muốn,V-nai (bỏ ない) + ざるを得ない (する → せざるを得ない),Bản thân không muốn nhưng do hoàn cảnh hoặc áp lực khách quan buộc phải chấp nhận làm điều đó.,N2,台風が近づいているため、旅行は中止せざるを得ない。,Vì bão đang đến gần nên chúng tôi đành phải hủy chuyến du lịch.,これだけの証拠を突きつけられたら、罪を認めざるを得ない。,Bị đưa ra bằng chứng nhiều thế này thì đành phải nhận tội.,類: 〜しかない / 〜ほかない,grammar
76,Vる / Vない / Nという + ことになっている,Vる / Vない / Nという + ことになっている,Vる / Vない / Nという + ことになっている,Vる,Mẫu ngữ pháp N2 dùng để diễn đạt ý nghĩa 'Vる / Vない / Nという + ことになっている'. Xuất hiện phổ biến trong đề thi JLPT N2 và giao tiếp trang trọng.,N2,目標を達成するために、努力ることが大切である。,"Để đạt được mục tiêu, việc (Vる / Vない / Nという + ことになっている) là rất quan trọng.",日々の練習を積み重ねて、努力る成果を得ることができた。,"Nhờ tích lũy luyện tập mỗi ngày, tôi đã đạt được thành quả (Vる / Vない / Nという + ことになっている).",類: Vる / Mẫu ngữ pháp N2 liên quan,grammar
77,〜にすぎない,〜にすぎない,Chẳng qua chỉ là... / Không quá mức...,"V / A / N (thể thông thường, N + である) + にすぎない","Đánh giá sự việc ở mức độ thấp, tầm thường, không có gì to tát hay đặc biệt.",N2,私はただ自分の義務を果たしたにすぎません。,Tôi chẳng qua chỉ là làm tròn nghĩa vụ của bản thân mà thôi.,これはまだ調査の第一段階にすぎない。,Đây chẳng qua mới chỉ là giai đoạn đầu tiên của cuộc điều tra.,類: ただの〜だ / 〜だけでしかない,grammar
78,〜にあたって / 〜にあたり,〜にあたって,Nhân dịp... / Vào thời điểm bắt đầu sự kiện quan trọng...,V-dict / N + にあたって / にあたり / にあたっては,"Dùng trong các bài phát biểu trang trọng, lễ khai trương, bắt đầu dự án mới.",N2,新事業の開始にあたって、関係者の皆様にご挨拶申し上げます。,"Nhân dịp bắt đầu dự án kinh doanh mới, tôi xin gửi lời chào đến toàn thể quý vị hữu quan.",留学にあたり、多くの友人から励ましの言葉をもらった。,"Vào thời điểm đi du học, tôi đã nhận được nhiều lời động viên từ bạn bè.",類: 〜に際して / 〜の時に,grammar
79,Nに沿って / Nに沿ったN,Nにそって,"Dọc theo... / Tuân theo, bám sát theo N",N + に沿って / に沿い / に沿ったN,"N có thể là con đường, dòng sông (nghĩa đen) hoặc kế hoạch, quy định, chính sách (nghĩa bóng).",N2,計画に沿って、プロジェクトを着実に進めてください。,Hãy bám sát theo kế hoạch và tiến hành dự án một cách vững chắc.,川に沿って散歩するのが毎朝の日課です。,Đi dạo dọc theo bờ sông là thói quen mỗi sáng của tôi.,類: 〜に従って / 〜どおりに,grammar
80,〜に先立って / 〜に先立ち,〜にさきだって,Trước khi làm việc lớn... / Chuẩn bị trước khi...,V-dict / N + に先立って / に先立ち / に先立つN,"Chuẩn bị các thủ tục, hội nghị tiền trạm trước khi sự kiện chính thức diễn ra. Mang tính trang trọng.",N2,映画の公開に先立って、プレミア試写会が行われた。,"Trước khi công chiếu bộ phim, buổi chiếu thử ra mắt đã được tổ chức.",工事の開始に先立ち、住民への説明会が開かれた。,"Trước khi bắt đầu thi công, buổi giải trình cho người dân địa phương đã được mở ra.",類: 〜の前に (trang trọng),grammar
81,Nにわたって / NにわたるN,Nにわたって,"Suốt, trải dài trên diện rộng N (thời gian, không gian)","N (chỉ thời gian, không gian, số lần) + にわたって / にわたり / にわたるN","Nhấn mạnh quy mô lớn, kéo dài của sự việc.",N2,台風の影響で、3日間にわたって停電が続いた。,"Do ảnh hưởng của bão, sự cố mất điện đã kéo dài suốt 3 ngày liền.",100キロにわたる海岸線が美しく広がっている。,Đường bờ biển trải dài suốt 100km trải rộng tuyệt đẹp.,類: 〜の間ずっと / 〜の範囲全体で,grammar
82,Vっこない,Vっこない,Tuyệt đối không thể nào... / Làm sao mà... được,V-masu (bỏ ます) + っこない,"Văn nói thân mật, phủ định mạnh mẽ dựa trên nhận định chủ quan của người nói.",N2,1日でこの分厚い本を全部読めっこないよ。,Làm sao mà đọc hết cuốn sách dày cộp này trong 1 ngày được chứ!,彼がそんな難しい試験に一発で合格できっこない。,Anh ấy làm sao mà đỗ kỳ thi khó như thế ngay trong một lần được.,類: 〜はずがない / 〜わけがない,grammar
83,Vかねない,Vかねない,Có nguy cơ... / E rằng sẽ... (dẫn đến kết quả xấu),V-masu (bỏ ます) + かねない,Cảnh báo một nguyên nhân hiện tại có thể dẫn đến kết quả tiêu cực trong tương lai.,N2,そんなスピードを出したら、大事故を起こしかねないよ。,Chạy với tốc độ đó thì có nguy cơ gây tai nạn nghiêm trọng đấy.,秘密を漏らすと、会社の信用を失いかねない。,Nếu làm lộ bí mật thì có nguy cơ sẽ đánh mất uy tín của công ty.,類: 〜恐れがある / 対: 〜かねる (khó có thể làm),grammar
84,Vかねる,Vかねる,Khó có thể... / Không thể làm được (từ chối lịch sự),V-masu (bỏ ます) + かねる,"Dùng trong giao tiếp thương mại để từ chối yêu cầu một cách lịch sự, nhã nhặn vì lý do quy định, khả năng.",N2,申し訳ございませんが、そのご要望には応じかねます。,Chúng tôi vô cùng xin lỗi nhưng khó có thể đáp ứng được yêu cầu đó của quý khách.,個人情報に関するご質問にはお答えしかねます。,Những câu hỏi liên quan đến thông tin cá nhân thì chúng tôi không thể trả lời được.,類: 〜できません (thô hơn) / 〜がたい,grammar
85,Vがたい,Vがたい,"Khó mà làm V được (về mặt tâm lý, cảm xúc)","V-masu (bỏ ます) + がたい (信じがたい, 理解しがたい, 許しがたい)",Người nói cảm thấy khó chấp nhận hoặc khó tin tưởng về mặt tâm lý.,N2,彼が犯人だなんて、信じがたい事実だ。,Việc anh ấy là thủ phạm là một sự thật khó mà tin nổi.,罪のない人々を傷つける行為は許しがたい。,Hành vi làm tổn thương những người vô tội là điều khó có thể tha thứ.,類: 〜にくい (khó về mặt vật lý) / 〜づらい,grammar
86,〜ことから,〜ことから,Vì... nên được gọi là / Do phán đoán từ...,"V / A / N (thể thông thường, N + である) + ことから","Giải thích nguồn gốc tên gọi hoặc căn cứ để đưa ra phán đoán, kết luận khách quan.",N2,富士山が見えることから、この坂は富士見坂と呼ばれている。,Vì từ đây có thể ngắm được núi Phú Sĩ nên con dốc này được gọi là dốc Fujimi.,道が濡れていることから、昨夜雨が降ったことが分かる。,"Căn cứ từ việc mặt đường bị ướt, có thể biết đêm qua trời đã mưa.",類: 〜という理由で / 〜から判断して,grammar
87,Nのことだから,Nのことだから,Vì là N nên chắc chắn...,N (chỉ người quen biết rõ tính cách) + のことだから,"Dựa trên tính cách, thói quen đã biết rõ của ai đó để đưa ra phán đoán gần như chắc chắn.",N2,時間厳守の彼のことだから、もうすぐ到着するはずだ。,Vì là người luôn đúng giờ như anh ấy nên chắc chắn sẽ đến ngay thôi.,真面目な彼女のことだから、きっと試験に合格するよ。,Vì là người chăm chỉ như cô ấy nên chắc chắn sẽ đỗ kỳ thi thôi.,類: 〜のことだから当然,grammar
88,Vることなく,Vることなく,Không hề làm V mà cứ thế...,V-dict + ことなく,"Văn viết trang trọng, hành động phía sau diễn ra liên tục mà không gặp cản trở hay gián đoạn.",N2,彼は一度も諦めることなく、研究を続けた。,"Anh ấy không hề bỏ cuộc dù chỉ một lần, mà vẫn kiên trì tiếp tục nghiên cứu.",列車は休むことなく走り続けた。,Đoàn tàu vẫn tiếp tục chạy miết mà không hề dừng nghỉ.,類: 〜ないで / 〜ずに (trang trọng),grammar
89,V1ないことにはV2ない,V1ないことにはV2ない,Nếu không làm V1 thì không thể làm V2,V1-nai + ことには + V2-nai / できない,"V1 là điều kiện bắt buộc tiên quyết, nếu chưa hoàn thành V1 thì vế V2 không thể diễn ra.",N2,実際に会ってみないことには、信用できるか判断できない。,Nếu không gặp gỡ trực tiếp thì không thể phán đoán xem có đáng tin hay không.,部屋の広さを見てみないことには、家具を買うわけにはいかない。,Nếu chưa xem độ rộng của căn phòng thì không thể mua đồ nội thất được.,類: 〜なければ〜できない,grammar
90,〜当然だ / 当然のN / 当たり前だ / 当たり前のN,〜とうぜんだ / とうぜんのN / 当たり前だ / 当たり前のN,〜とうぜんだ / とうぜんのN / 当たり前だ / 当たり前のN,〜当然だ,Mẫu ngữ pháp N2 dùng để diễn đạt ý nghĩa '〜とうぜんだ / とうぜんのN / 当たり前だ / 当たり前のN'. Xuất hiện phổ biến trong đề thi JLPT N2 và giao tiếp trang trọng.,N2,目標を達成するために、当然だことが大切である。,"Để đạt được mục tiêu, việc (〜とうぜんだ / とうぜんのN / 当たり前だ / 当たり前のN) là rất quan trọng.",日々の練習を積み重ねて、当然だ成果を得ることができた。,"Nhờ tích lũy luyện tập mỗi ngày, tôi đã đạt được thành quả (〜とうぜんだ / とうぜんのN / 当たり前だ / 当たり前のN).",類: 〜当然だ / Mẫu ngữ pháp N2 liên quan,grammar
91,〜もっともだ。,〜もっともだ。,〜もっともだ。,V (thể thông thường) / N / A + もっともだ。,Mẫu ngữ pháp N2 dùng để diễn đạt ý nghĩa '〜もっともだ。'. Xuất hiện phổ biến trong đề thi JLPT N2 và giao tiếp trang trọng.,N2,目標を達成するために、もっともだ。ことが大切である。,"Để đạt được mục tiêu, việc (〜もっともだ。) là rất quan trọng.",日々の練習を積み重ねて、もっともだ。成果を得ることができた。,"Nhờ tích lũy luyện tập mỗi ngày, tôi đã đạt được thành quả (〜もっともだ。).",類: 〜もっともだ。 / Mẫu ngữ pháp N2 liên quan,grammar
92,〜同然だ。,〜同然だ。,〜同然だ。,V (thể thông thường) / N / A + 同然だ。,Mẫu ngữ pháp N2 dùng để diễn đạt ý nghĩa '〜同然だ。'. Xuất hiện phổ biến trong đề thi JLPT N2 và giao tiếp trang trọng.,N2,目標を達成するために、同然だ。ことが大切である。,"Để đạt được mục tiêu, việc (〜同然だ。) là rất quan trọng.",日々の練習を積み重ねて、同然だ。成果を得ることができた。,"Nhờ tích lũy luyện tập mỗi ngày, tôi đã đạt được thành quả (〜同然だ。).",類: 〜同然だ。 / Mẫu ngữ pháp N2 liên quan,grammar
93,〜だけましだ,〜だけましだ,〜だけましだ,V (thể thông thường) / N / A + だけましだ,Mẫu ngữ pháp N2 dùng để diễn đạt ý nghĩa '〜だけましだ'. Xuất hiện phổ biến trong đề thi JLPT N2 và giao tiếp trang trọng.,N2,目標を達成するために、だけましだことが大切である。,"Để đạt được mục tiêu, việc (〜だけましだ) là rất quan trọng.",日々の練習を積み重ねて、だけましだ成果を得ることができた。,"Nhờ tích lũy luyện tập mỗi ngày, tôi đã đạt được thành quả (〜だけましだ).",類: 〜だけましだ / Mẫu ngữ pháp N2 liên quan,grammar
94,〜だけあって / だけに / だけのことはある,〜だけあって / だけに / だけのことはある,〜だけあって / だけに / だけのことはある,V (thể thông thường) / N / A + だけあって,Mẫu ngữ pháp N2 dùng để diễn đạt ý nghĩa '〜だけあって / だけに / だけのことはある'. Xuất hiện phổ biến trong đề thi JLPT N2 và giao tiếp trang trọng.,N2,目標を達成するために、だけあってことが大切である。,"Để đạt được mục tiêu, việc (〜だけあって / だけに / だけのことはある) là rất quan trọng.",日々の練習を積み重ねて、だけあって成果を得ることができた。,"Nhờ tích lũy luyện tập mỗi ngày, tôi đã đạt được thành quả (〜だけあって / だけに / だけのことはある).",類: 〜だけあって / Mẫu ngữ pháp N2 liên quan,grammar
95,Aばかりか / ばかりでなくBも,Aばかりか / ばかりでなくBも,Aばかりか / ばかりでなくBも,Aばかりか,Mẫu ngữ pháp N2 dùng để diễn đạt ý nghĩa 'Aばかりか / ばかりでなくBも'. Xuất hiện phổ biến trong đề thi JLPT N2 và giao tiếp trang trọng.,N2,目標を達成するために、Aばかりかことが大切である。,"Để đạt được mục tiêu, việc (Aばかりか / ばかりでなくBも) là rất quan trọng.",日々の練習を積み重ねて、Aばかりか成果を得ることができた。,"Nhờ tích lũy luyện tập mỗi ngày, tôi đã đạt được thành quả (Aばかりか / ばかりでなくBも).",類: Aばかりか / Mẫu ngữ pháp N2 liên quan,grammar
96,〜ばかりに,〜ばかりに,〜ばかりに,V (thể thông thường) / N / A + ばかりに,Mẫu ngữ pháp N2 dùng để diễn đạt ý nghĩa '〜ばかりに'. Xuất hiện phổ biến trong đề thi JLPT N2 và giao tiếp trang trọng.,N2,目標を達成するために、ばかりにことが大切である。,"Để đạt được mục tiêu, việc (〜ばかりに) là rất quan trọng.",日々の練習を積み重ねて、ばかりに成果を得ることができた。,"Nhờ tích lũy luyện tập mỗi ngày, tôi đã đạt được thành quả (〜ばかりに).",類: 〜ばかりに / Mẫu ngữ pháp N2 liên quan,grammar
97,〜のみならず / のみか,〜のみならず / のみか,〜のみならず / のみか,V (thể thông thường) / N / A + のみならず,Mẫu ngữ pháp N2 dùng để diễn đạt ý nghĩa '〜のみならず / のみか'. Xuất hiện phổ biến trong đề thi JLPT N2 và giao tiếp trang trọng.,N2,目標を達成するために、のみならずことが大切である。,"Để đạt được mục tiêu, việc (〜のみならず / のみか) là rất quan trọng.",日々の練習を積み重ねて、のみならず成果を得ることができた。,"Nhờ tích lũy luyện tập mỗi ngày, tôi đã đạt được thành quả (〜のみならず / のみか).",類: 〜のみならず / Mẫu ngữ pháp N2 liên quan,grammar
98,Vようではないか / じゃないか,Vようではないか / じゃないか,Vようではないか / じゃないか,Vようではないか,Mẫu ngữ pháp N2 dùng để diễn đạt ý nghĩa 'Vようではないか / じゃないか'. Xuất hiện phổ biến trong đề thi JLPT N2 và giao tiếp trang trọng.,N2,目標を達成するために、努力ようではないかことが大切である。,"Để đạt được mục tiêu, việc (Vようではないか / じゃないか) là rất quan trọng.",日々の練習を積み重ねて、努力ようではないか成果を得ることができた。,"Nhờ tích lũy luyện tập mỗi ngày, tôi đã đạt được thành quả (Vようではないか / じゃないか).",類: Vようではないか / Mẫu ngữ pháp N2 liên quan,grammar
99,Vようがない / ようもない,Vようがない / ようもない,Vようがない / ようもない,Vようがない,Mẫu ngữ pháp N2 dùng để diễn đạt ý nghĩa 'Vようがない / ようもない'. Xuất hiện phổ biến trong đề thi JLPT N2 và giao tiếp trang trọng.,N2,目標を達成するために、努力ようがないことが大切である。,"Để đạt được mục tiêu, việc (Vようがない / ようもない) là rất quan trọng.",日々の練習を積み重ねて、努力ようがない成果を得ることができた。,"Nhờ tích lũy luyện tập mỗi ngày, tôi đã đạt được thành quả (Vようがない / ようもない).",類: Vようがない / Mẫu ngữ pháp N2 liên quan,grammar
100,〜かのようだ / かのように〜,〜かのようだ / かのように〜,〜かのようだ / かのように〜,V (thể thông thường) / N / A + かのようだ,Mẫu ngữ pháp N2 dùng để diễn đạt ý nghĩa '〜かのようだ / かのように〜'. Xuất hiện phổ biến trong đề thi JLPT N2 và giao tiếp trang trọng.,N2,目標を達成するために、かのようだことが大切である。,"Để đạt được mục tiêu, việc (〜かのようだ / かのように〜) là rất quan trọng.",日々の練習を積み重ねて、かのようだ成果を得ることができた。,"Nhờ tích lũy luyện tập mỗi ngày, tôi đã đạt được thành quả (〜かのようだ / かのように〜).",類: 〜かのようだ / Mẫu ngữ pháp N2 liên quan,grammar
101,〜そうにない / そうもない,〜そうにない / そうもない,〜そうにない / そうもない,V (thể thông thường) / N / A + そうにない,Mẫu ngữ pháp N2 dùng để diễn đạt ý nghĩa '〜そうにない / そうもない'. Xuất hiện phổ biến trong đề thi JLPT N2 và giao tiếp trang trọng.,N2,目標を達成するために、そうにないことが大切である。,"Để đạt được mục tiêu, việc (〜そうにない / そうもない) là rất quan trọng.",日々の練習を積み重ねて、そうにない成果を得ることができた。,"Nhờ tích lũy luyện tập mỗi ngày, tôi đã đạt được thành quả (〜そうにない / そうもない).",類: 〜そうにない / Mẫu ngữ pháp N2 liên quan,grammar
102,〜際して / 際し / 際してのN,〜さいして / さいし / さいしてのN,〜さいして / さいし / さいしてのN,〜際して,Mẫu ngữ pháp N2 dùng để diễn đạt ý nghĩa '〜さいして / さいし / さいしてのN'. Xuất hiện phổ biến trong đề thi JLPT N2 và giao tiếp trang trọng.,N2,目標を達成するために、際してことが大切である。,"Để đạt được mục tiêu, việc (〜さいして / さいし / さいしてのN) là rất quan trọng.",日々の練習を積み重ねて、際して成果を得ることができた。,"Nhờ tích lũy luyện tập mỗi ngày, tôi đã đạt được thành quả (〜さいして / さいし / さいしてのN).",類: 〜際して / Mẫu ngữ pháp N2 liên quan,grammar
103,Nに基づいて / 基づき / 基づくN / 基づいたN,Nにもとづいて / 基づき / 基づくN / 基づいたN,Nにもとづいて / 基づき / 基づくN / 基づいたN,Nに基づいて,Mẫu ngữ pháp N2 dùng để diễn đạt ý nghĩa 'Nにもとづいて / 基づき / 基づくN / 基づいたN'. Xuất hiện phổ biến trong đề thi JLPT N2 và giao tiếp trang trọng.,N2,目標を達成するために、仕事に基づいてことが大切である。,"Để đạt được mục tiêu, việc (Nにもとづいて / 基づき / 基づくN / 基づいたN) là rất quan trọng.",日々の練習を積み重ねて、仕事に基づいて成果を得ることができた。,"Nhờ tích lũy luyện tập mỗi ngày, tôi đã đạt được thành quả (Nにもとづいて / 基づき / 基づくN / 基づいたN).",類: Nに基づいて / Mẫu ngữ pháp N2 liên quan,grammar
104,Nに応じて / 応じ / 応じたN,Nにおうじて / 応じ / 応じたN,Nにおうじて / 応じ / 応じたN,Nに応じて,Mẫu ngữ pháp N2 dùng để diễn đạt ý nghĩa 'Nにおうじて / 応じ / 応じたN'. Xuất hiện phổ biến trong đề thi JLPT N2 và giao tiếp trang trọng.,N2,目標を達成するために、仕事に応じてことが大切である。,"Để đạt được mục tiêu, việc (Nにおうじて / 応じ / 応じたN) là rất quan trọng.",日々の練習を積み重ねて、仕事に応じて成果を得ることができた。,"Nhờ tích lũy luyện tập mỗi ngày, tôi đã đạt được thành quả (Nにおうじて / 応じ / 応じたN).",類: Nに応じて / Mẫu ngữ pháp N2 liên quan,grammar
105,Nの下で / 下 / 下に,Nの下で / 下 / 下に,Nの下で / 下 / 下に,Nの下で,Mẫu ngữ pháp N2 dùng để diễn đạt ý nghĩa 'Nの下で / 下 / 下に'. Xuất hiện phổ biến trong đề thi JLPT N2 và giao tiếp trang trọng.,N2,目標を達成するために、仕事の下でことが大切である。,"Để đạt được mục tiêu, việc (Nの下で / 下 / 下に) là rất quan trọng.",日々の練習を積み重ねて、仕事の下で成果を得ることができた。,"Nhờ tích lũy luyện tập mỗi ngày, tôi đã đạt được thành quả (Nの下で / 下 / 下に).",類: Nの下で / Mẫu ngữ pháp N2 liên quan,grammar
106,〜以来,〜いらい,〜いらい,V (thể thông thường) / N / A + 以来,Mẫu ngữ pháp N2 dùng để diễn đạt ý nghĩa '〜いらい'. Xuất hiện phổ biến trong đề thi JLPT N2 và giao tiếp trang trọng.,N2,目標を達成するために、以来ことが大切である。,"Để đạt được mục tiêu, việc (〜いらい) là rất quan trọng.",日々の練習を積み重ねて、以来成果を得ることができた。,"Nhờ tích lũy luyện tập mỗi ngày, tôi đã đạt được thành quả (〜いらい).",類: 〜以来 / Mẫu ngữ pháp N2 liên quan,grammar
107,〜以上,〜いじょう,〜いじょう,V (thể thông thường) / N / A + 以上,Mẫu ngữ pháp N2 dùng để diễn đạt ý nghĩa '〜いじょう'. Xuất hiện phổ biến trong đề thi JLPT N2 và giao tiếp trang trọng.,N2,目標を達成するために、以上ことが大切である。,"Để đạt được mục tiêu, việc (〜いじょう) là rất quan trọng.",日々の練習を積み重ねて、以上成果を得ることができた。,"Nhờ tích lũy luyện tập mỗi ngày, tôi đã đạt được thành quả (〜いじょう).",類: 〜以上 / Mẫu ngữ pháp N2 liên quan,grammar
108,Vるからには / Vたからには,Vるからには / Vたからには,Vるからには / Vたからには,Vるからには,Mẫu ngữ pháp N2 dùng để diễn đạt ý nghĩa 'Vるからには / Vたからには'. Xuất hiện phổ biến trong đề thi JLPT N2 và giao tiếp trang trọng.,N2,目標を達成するために、努力るからにはことが大切である。,"Để đạt được mục tiêu, việc (Vるからには / Vたからには) là rất quan trọng.",日々の練習を積み重ねて、努力るからには成果を得ることができた。,"Nhờ tích lũy luyện tập mỗi ngày, tôi đã đạt được thành quả (Vるからには / Vたからには).",類: Vるからには / Mẫu ngữ pháp N2 liên quan,grammar
109,〜折（に）,〜おり（に）,〜おり（に）,V (thể thông thường) / N / A + 折（に）,Mẫu ngữ pháp N2 dùng để diễn đạt ý nghĩa '〜おり（に）'. Xuất hiện phổ biến trong đề thi JLPT N2 và giao tiếp trang trọng.,N2,目標を達成するために、折（に）ことが大切である。,"Để đạt được mục tiêu, việc (〜おり（に）) là rất quan trọng.",日々の練習を積み重ねて、折（に）成果を得ることができた。,"Nhờ tích lũy luyện tập mỗi ngày, tôi đã đạt được thành quả (〜おり（に）).",類: 〜折（に） / Mẫu ngữ pháp N2 liên quan,grammar
110,Nから言うと / 言えば,Nから言うと / 言えば,Nから言うと / 言えば,Nから言うと,Mẫu ngữ pháp N2 dùng để diễn đạt ý nghĩa 'Nから言うと / 言えば'. Xuất hiện phổ biến trong đề thi JLPT N2 và giao tiếp trang trọng.,N2,目標を達成するために、仕事から言うとことが大切である。,"Để đạt được mục tiêu, việc (Nから言うと / 言えば) là rất quan trọng.",日々の練習を積み重ねて、仕事から言うと成果を得ることができた。,"Nhờ tích lũy luyện tập mỗi ngày, tôi đã đạt được thành quả (Nから言うと / 言えば).",類: Nから言うと / Mẫu ngữ pháp N2 liên quan,grammar
111,Nからすると / すれば / いって,Nからすると / すれば / いって,Nからすると / すれば / いって,Nからすると,Mẫu ngữ pháp N2 dùng để diễn đạt ý nghĩa 'Nからすると / すれば / いって'. Xuất hiện phổ biến trong đề thi JLPT N2 và giao tiếp trang trọng.,N2,目標を達成するために、仕事からするとことが大切である。,"Để đạt được mục tiêu, việc (Nからすると / すれば / いって) là rất quan trọng.",日々の練習を積み重ねて、仕事からすると成果を得ることができた。,"Nhờ tích lũy luyện tập mỗi ngày, tôi đã đạt được thành quả (Nからすると / すれば / いって).",類: Nからすると / Mẫu ngữ pháp N2 liên quan,grammar
112,Nからして,Nからして,Nからして,Nからして,Mẫu ngữ pháp N2 dùng để diễn đạt ý nghĩa 'Nからして'. Xuất hiện phổ biến trong đề thi JLPT N2 và giao tiếp trang trọng.,N2,目標を達成するために、仕事からしてことが大切である。,"Để đạt được mục tiêu, việc (Nからして) là rất quan trọng.",日々の練習を積み重ねて、仕事からして成果を得ることができた。,"Nhờ tích lũy luyện tập mỗi ngày, tôi đã đạt được thành quả (Nからして).",類: Nからして / Mẫu ngữ pháp N2 liên quan,grammar
113,Nから見ると / 見れば / 見ても / 見て,Nから見ると / 見れば / 見ても / 見て,Nから見ると / 見れば / 見ても / 見て,Nから見ると,Mẫu ngữ pháp N2 dùng để diễn đạt ý nghĩa 'Nから見ると / 見れば / 見ても / 見て'. Xuất hiện phổ biến trong đề thi JLPT N2 và giao tiếp trang trọng.,N2,目標を達成するために、仕事から見るとことが大切である。,"Để đạt được mục tiêu, việc (Nから見ると / 見れば / 見ても / 見て) là rất quan trọng.",日々の練習を積み重ねて、仕事から見ると成果を得ることができた。,"Nhờ tích lũy luyện tập mỗi ngày, tôi đã đạt được thành quả (Nから見ると / 見れば / 見ても / 見て).",類: Nから見ると / Mẫu ngữ pháp N2 liên quan,grammar
114,〜からといって / からって,〜からといって / からって,〜からといって / からって,V (thể thông thường) / N / A + からといって,Mẫu ngữ pháp N2 dùng để diễn đạt ý nghĩa '〜からといって / からって'. Xuất hiện phổ biến trong đề thi JLPT N2 và giao tiếp trang trọng.,N2,目標を達成するために、からといってことが大切である。,"Để đạt được mục tiêu, việc (〜からといって / からって) là rất quan trọng.",日々の練習を積み重ねて、からといって成果を得ることができた。,"Nhờ tích lũy luyện tập mỗi ngày, tôi đã đạt được thành quả (〜からといって / からって).",類: 〜からといって / Mẫu ngữ pháp N2 liên quan,grammar
115,Vてからでないと〜できない / Vてからでなければ〜できない,Vてからでないと〜できない / Vてからでなければ〜できない,Vてからでないと〜できない / Vてからでなければ〜できない,Vてからでないと〜できない,Mẫu ngữ pháp N2 dùng để diễn đạt ý nghĩa 'Vてからでないと〜できない / Vてからでなければ〜できない'. Xuất hiện phổ biến trong đề thi JLPT N2 và giao tiếp trang trọng.,N2,目標を達成するために、努力てからでないとできないことが大切である。,"Để đạt được mục tiêu, việc (Vてからでないと〜できない / Vてからでなければ〜できない) là rất quan trọng.",日々の練習を積み重ねて、努力てからでないとできない成果を得ることができた。,"Nhờ tích lũy luyện tập mỗi ngày, tôi đã đạt được thành quả (Vてからでないと〜できない / Vてからでなければ〜できない).",類: Vてからでないと〜できない / Mẫu ngữ pháp N2 liên quan,grammar
116,N1からN2にかけて,N1からN2にかけて,N1からN2にかけて,N1からN2にかけて,Mẫu ngữ pháp N2 dùng để diễn đạt ý nghĩa 'N1からN2にかけて'. Xuất hiện phổ biến trong đề thi JLPT N2 và giao tiếp trang trọng.,N2,目標を達成するために、計画から実行にかけてことが大切である。,"Để đạt được mục tiêu, việc (N1からN2にかけて) là rất quan trọng.",日々の練習を積み重ねて、計画から実行にかけて成果を得ることができた。,"Nhờ tích lũy luyện tập mỗi ngày, tôi đã đạt được thành quả (N1からN2にかけて).",類: N1からN2にかけて / Mẫu ngữ pháp N2 liên quan,grammar
117,Nに / NのAさに + かけては / かけても,Nに / NのAさに + かけては / かけても,Nに / NのAさに + かけては / かけても,Nに,Mẫu ngữ pháp N2 dùng để diễn đạt ý nghĩa 'Nに / NのAさに + かけては / かけても'. Xuất hiện phổ biến trong đề thi JLPT N2 và giao tiếp trang trọng.,N2,目標を達成するために、仕事にことが大切である。,"Để đạt được mục tiêu, việc (Nに / NのAさに + かけては / かけても) là rất quan trọng.",日々の練習を積み重ねて、仕事に成果を得ることができた。,"Nhờ tích lũy luyện tập mỗi ngày, tôi đã đạt được thành quả (Nに / NのAさに + かけては / かけても).",類: Nに / Mẫu ngữ pháp N2 liên quan,grammar
118,〜とか,〜とか,〜とか,V (thể thông thường) / N / A + とか,Mẫu ngữ pháp N2 dùng để diễn đạt ý nghĩa '〜とか'. Xuất hiện phổ biến trong đề thi JLPT N2 và giao tiếp trang trọng.,N2,目標を達成するために、とかことが大切である。,"Để đạt được mục tiêu, việc (〜とか) là rất quan trọng.",日々の練習を積み重ねて、とか成果を得ることができた。,"Nhờ tích lũy luyện tập mỗi ngày, tôi đã đạt được thành quả (〜とか).",類: 〜とか / Mẫu ngữ pháp N2 liên quan,grammar
119,Vるまい,Vるまい,Vるまい,Vるまい,Mẫu ngữ pháp N2 dùng để diễn đạt ý nghĩa 'Vるまい'. Xuất hiện phổ biến trong đề thi JLPT N2 và giao tiếp trang trọng.,N2,目標を達成するために、努力るまいことが大切である。,"Để đạt được mục tiêu, việc (Vるまい) là rất quan trọng.",日々の練習を積み重ねて、努力るまい成果を得ることができた。,"Nhờ tích lũy luyện tập mỗi ngày, tôi đã đạt được thành quả (Vるまい).",類: Vるまい / Mẫu ngữ pháp N2 liên quan,grammar
120,VようかVるまいか,VようかVるまいか,VようかVるまいか,VようかVるまいか,Mẫu ngữ pháp N2 dùng để diễn đạt ý nghĩa 'VようかVるまいか'. Xuất hiện phổ biến trong đề thi JLPT N2 và giao tiếp trang trọng.,N2,目標を達成するために、努力ようか努力るまいかことが大切である。,"Để đạt được mục tiêu, việc (VようかVるまいか) là rất quan trọng.",日々の練習を積み重ねて、努力ようか努力るまいか成果を得ることができた。,"Nhờ tích lũy luyện tập mỗi ngày, tôi đã đạt được thành quả (VようかVるまいか).",類: VようかVるまいか / Mẫu ngữ pháp N2 liên quan,grammar
121,〜決まっている / 違いない / 相違ない,〜きまっている / ちがいない / そういない,〜きまっている / ちがいない / そういない,V (thể thông thường) / N / A + 決まっている,Mẫu ngữ pháp N2 dùng để diễn đạt ý nghĩa '〜きまっている / ちがいない / そういない'. Xuất hiện phổ biến trong đề thi JLPT N2 và giao tiếp trang trọng.,N2,目標を達成するために、決まっていることが大切である。,"Để đạt được mục tiêu, việc (〜きまっている / ちがいない / そういない) là rất quan trọng.",日々の練習を積み重ねて、決まっている成果を得ることができた。,"Nhờ tích lũy luyện tập mỗi ngày, tôi đã đạt được thành quả (〜きまっている / ちがいない / そういない).",類: 〜決まっている / Mẫu ngữ pháp N2 liên quan,grammar
122,〜とは限らない,〜とは限らない,〜とは限らない,V (thể thông thường) / N / A + とは限らない,Mẫu ngữ pháp N2 dùng để diễn đạt ý nghĩa '〜とは限らない'. Xuất hiện phổ biến trong đề thi JLPT N2 và giao tiếp trang trọng.,N2,目標を達成するために、とは限らないことが大切である。,"Để đạt được mục tiêu, việc (〜とは限らない) là rất quan trọng.",日々の練習を積み重ねて、とは限らない成果を得ることができた。,"Nhờ tích lũy luyện tập mỗi ngày, tôi đã đạt được thành quả (〜とは限らない).",類: 〜とは限らない / Mẫu ngữ pháp N2 liên quan,grammar
123,Vる / Vるより + ほかない / ほかはない,Vる / Vるより + ほかない / ほかはない,Vる / Vるより + ほかない / ほかはない,Vる,Mẫu ngữ pháp N2 dùng để diễn đạt ý nghĩa 'Vる / Vるより + ほかない / ほかはない'. Xuất hiện phổ biến trong đề thi JLPT N2 và giao tiếp trang trọng.,N2,目標を達成するために、努力ることが大切である。,"Để đạt được mục tiêu, việc (Vる / Vるより + ほかない / ほかはない) là rất quan trọng.",日々の練習を積み重ねて、努力る成果を得ることができた。,"Nhờ tích lũy luyện tập mỗi ngày, tôi đã đạt được thành quả (Vる / Vるより + ほかない / ほかはない).",類: Vる / Mẫu ngữ pháp N2 liên quan,grammar
124,Nにほかならない,Nにほかならない,Chính là... / Không gì khác ngoài...,N / V-thể thông thường + から + にほかならない,"Dùng để khẳng định một cách dứt khoát rằng nguyên nhân, bản chất cốt lõi duy nhất chính là điều đó.",N2,今回の成功は、全員の努力の結果にほかならない。,Thành công lần này chính là kết quả của sự nỗ lực từ toàn thể mọi người.,彼が厳しく指導するのは、君への期待にほかならない。,Việc anh ấy hướng dẫn nghiêm khắc chính là vì kỳ vọng vào cậu.,類: まさに〜だ / 〜にすぎない (chỉ là),grammar
125,Nをはじめ / はじめとして / はじめとするN,Nをはじめ / はじめとして / はじめとするN,Nをはじめ / はじめとして / はじめとするN,Nをはじめ,Mẫu ngữ pháp N2 dùng để diễn đạt ý nghĩa 'Nをはじめ / はじめとして / はじめとするN'. Xuất hiện phổ biến trong đề thi JLPT N2 và giao tiếp trang trọng.,N2,目標を達成するために、仕事をはじめことが大切である。,"Để đạt được mục tiêu, việc (Nをはじめ / はじめとして / はじめとするN) là rất quan trọng.",日々の練習を積み重ねて、仕事をはじめ成果を得ることができた。,"Nhờ tích lũy luyện tập mỗi ngày, tôi đã đạt được thành quả (Nをはじめ / はじめとして / はじめとするN).",類: Nをはじめ / Mẫu ngữ pháp N2 liên quan,grammar
126,Nをめぐって / めぐるN,Nをめぐって / めぐるN,Nをめぐって / めぐるN,Nをめぐって,Mẫu ngữ pháp N2 dùng để diễn đạt ý nghĩa 'Nをめぐって / めぐるN'. Xuất hiện phổ biến trong đề thi JLPT N2 và giao tiếp trang trọng.,N2,目標を達成するために、仕事をめぐってことが大切である。,"Để đạt được mục tiêu, việc (Nをめぐって / めぐるN) là rất quan trọng.",日々の練習を積み重ねて、仕事をめぐって成果を得ることができた。,"Nhờ tích lũy luyện tập mỗi ngày, tôi đã đạt được thành quả (Nをめぐって / めぐるN).",類: Nをめぐって / Mẫu ngữ pháp N2 liên quan,grammar
127,Nにおいて / おいては / おいても / おけるN,Nにおいて / おいては / おいても / おけるN,Nにおいて / おいては / おいても / おけるN,Nにおいて,Mẫu ngữ pháp N2 dùng để diễn đạt ý nghĩa 'Nにおいて / おいては / おいても / おけるN'. Xuất hiện phổ biến trong đề thi JLPT N2 và giao tiếp trang trọng.,N2,目標を達成するために、仕事においてことが大切である。,"Để đạt được mục tiêu, việc (Nにおいて / おいては / おいても / おけるN) là rất quan trọng.",日々の練習を積み重ねて、仕事において成果を得ることができた。,"Nhờ tích lũy luyện tập mỗi ngày, tôi đã đạt được thành quả (Nにおいて / おいては / おいても / おけるN).",類: Nにおいて / Mẫu ngữ pháp N2 liên quan,grammar
128,Nにて,Nにて,Nにて,Nにて,Mẫu ngữ pháp N2 dùng để diễn đạt ý nghĩa 'Nにて'. Xuất hiện phổ biến trong đề thi JLPT N2 và giao tiếp trang trọng.,N2,目標を達成するために、仕事にてことが大切である。,"Để đạt được mục tiêu, việc (Nにて) là rất quan trọng.",日々の練習を積み重ねて、仕事にて成果を得ることができた。,"Nhờ tích lũy luyện tập mỗi ngày, tôi đã đạt được thành quả (Nにて).",類: Nにて / Mẫu ngữ pháp N2 liên quan,grammar
129,Nも / Vるのも + かまわず,Nも / Vるのも + かまわず,Nも / Vるのも + かまわず,Nも,Mẫu ngữ pháp N2 dùng để diễn đạt ý nghĩa 'Nも / Vるのも + かまわず'. Xuất hiện phổ biến trong đề thi JLPT N2 và giao tiếp trang trọng.,N2,目標を達成するために、仕事もことが大切である。,"Để đạt được mục tiêu, việc (Nも / Vるのも + かまわず) là rất quan trọng.",日々の練習を積み重ねて、仕事も成果を得ることができた。,"Nhờ tích lũy luyện tập mỗi ngày, tôi đã đạt được thành quả (Nも / Vるのも + かまわず).",類: Nも / Mẫu ngữ pháp N2 liên quan,grammar
130,〜にも + かかわらず,〜にも + かかわらず,〜にも + かかわらず,V (thể thông thường) / N / A + にも + かかわらず,Mẫu ngữ pháp N2 dùng để diễn đạt ý nghĩa '〜にも + かかわらず'. Xuất hiện phổ biến trong đề thi JLPT N2 và giao tiếp trang trọng.,N2,目標を達成するために、にも + かかわらずことが大切である。,"Để đạt được mục tiêu, việc (〜にも + かかわらず) là rất quan trọng.",日々の練習を積み重ねて、にも + かかわらず成果を得ることができた。,"Nhờ tích lũy luyện tập mỗi ngày, tôi đã đạt được thành quả (〜にも + かかわらず).",類: 〜にも + かかわらず / Mẫu ngữ pháp N2 liên quan,grammar
131,〜かかわらず / かかわりなく,〜かかわらず / かかわりなく,〜かかわらず / かかわりなく,V (thể thông thường) / N / A + かかわらず,Mẫu ngữ pháp N2 dùng để diễn đạt ý nghĩa '〜かかわらず / かかわりなく'. Xuất hiện phổ biến trong đề thi JLPT N2 và giao tiếp trang trọng.,N2,目標を達成するために、かかわらずことが大切である。,"Để đạt được mục tiêu, việc (〜かかわらず / かかわりなく) là rất quan trọng.",日々の練習を積み重ねて、かかわらず成果を得ることができた。,"Nhờ tích lũy luyện tập mỗi ngày, tôi đã đạt được thành quả (〜かかわらず / かかわりなく).",類: 〜かかわらず / Mẫu ngữ pháp N2 liên quan,grammar
132,Nを問わず,Nをとわず,Nをとわず,Nを問わず,Mẫu ngữ pháp N2 dùng để diễn đạt ý nghĩa 'Nをとわず'. Xuất hiện phổ biến trong đề thi JLPT N2 và giao tiếp trang trọng.,N2,目標を達成するために、仕事を問わずことが大切である。,"Để đạt được mục tiêu, việc (Nをとわず) là rất quan trọng.",日々の練習を積み重ねて、仕事を問わず成果を得ることができた。,"Nhờ tích lũy luyện tập mỗi ngày, tôi đã đạt được thành quả (Nをとわず).",類: Nを問わず / Mẫu ngữ pháp N2 liên quan,grammar
133,AやらBやら,AやらBやら,AやらBやら,AやらBやら,Mẫu ngữ pháp N2 dùng để diễn đạt ý nghĩa 'AやらBやら'. Xuất hiện phổ biến trong đề thi JLPT N2 và giao tiếp trang trọng.,N2,目標を達成するために、AやらBやらことが大切である。,"Để đạt được mục tiêu, việc (AやらBやら) là rất quan trọng.",日々の練習を積み重ねて、AやらBやら成果を得ることができた。,"Nhờ tích lũy luyện tập mỗi ngày, tôi đã đạt được thành quả (AやらBやら).",類: AやらBやら / Mẫu ngữ pháp N2 liên quan,grammar
134,Aにつけ（Bにつけ）,Aにつけ（Bにつけ）,Aにつけ（Bにつけ）,Aにつけ（Bにつけ）,Mẫu ngữ pháp N2 dùng để diễn đạt ý nghĩa 'Aにつけ（Bにつけ）'. Xuất hiện phổ biến trong đề thi JLPT N2 và giao tiếp trang trọng.,N2,目標を達成するために、Aにつけ（Bにつけ）ことが大切である。,"Để đạt được mục tiêu, việc (Aにつけ（Bにつけ）) là rất quan trọng.",日々の練習を積み重ねて、Aにつけ（Bにつけ）成果を得ることができた。,"Nhờ tích lũy luyện tập mỗi ngày, tôi đã đạt được thành quả (Aにつけ（Bにつけ）).",類: Aにつけ（Bにつけ） / Mẫu ngữ pháp N2 liên quan,grammar
135,Aにしろ / Aにせよ（Bにしろ / Bにせよ）,Aにしろ / Aにせよ（Bにしろ / Bにせよ）,Aにしろ / Aにせよ（Bにしろ / Bにせよ）,Aにしろ,Mẫu ngữ pháp N2 dùng để diễn đạt ý nghĩa 'Aにしろ / Aにせよ（Bにしろ / Bにせよ）'. Xuất hiện phổ biến trong đề thi JLPT N2 và giao tiếp trang trọng.,N2,目標を達成するために、Aにしろことが大切である。,"Để đạt được mục tiêu, việc (Aにしろ / Aにせよ（Bにしろ / Bにせよ）) là rất quan trọng.",日々の練習を積み重ねて、Aにしろ成果を得ることができた。,"Nhờ tích lũy luyện tập mỗi ngày, tôi đã đạt được thành quả (Aにしろ / Aにせよ（Bにしろ / Bにせよ）).",類: Aにしろ / Mẫu ngữ pháp N2 liên quan,grammar
136,N1もVばN2もVる / N1もAければN2もAい / N1もAならN2もAなだ / N1もNならN2もNだ,N1もVばN2もVる / N1もAければN2もAい / N1もAならN2もAなだ / N1もNならN2もNだ,N1もVばN2もVる / N1もAければN2もAい / N1もAならN2もAなだ / N1もNならN2もNだ,N1もVばN2もVる,Mẫu ngữ pháp N2 dùng để diễn đạt ý nghĩa 'N1もVばN2もVる / N1もAければN2もAい / N1もAならN2もAなだ / N1もNならN2もNだ'. Xuất hiện phổ biến trong đề thi JLPT N2 và giao tiếp trang trọng.,N2,目標を達成するために、計画も努力ば実行も努力ることが大切である。,"Để đạt được mục tiêu, việc (N1もVばN2もVる / N1もAければN2もAい / N1もAならN2もAなだ / N1もNならN2もNだ) là rất quan trọng.",日々の練習を積み重ねて、計画も努力ば実行も努力る成果を得ることができた。,"Nhờ tích lũy luyện tập mỗi ngày, tôi đã đạt được thành quả (N1もVばN2もVる / N1もAければN2もAい / N1もAならN2もAなだ / N1もNならN2もNだ).",類: N1もVばN2もVる / Mẫu ngữ pháp N2 liên quan,grammar
137,〜ものだ / もんだ,〜ものだ / もんだ,〜ものだ / もんだ,V (thể thông thường) / N / A + ものだ,Mẫu ngữ pháp N2 dùng để diễn đạt ý nghĩa '〜ものだ / もんだ'. Xuất hiện phổ biến trong đề thi JLPT N2 và giao tiếp trang trọng.,N2,目標を達成するために、ものだことが大切である。,"Để đạt được mục tiêu, việc (〜ものだ / もんだ) là rất quan trọng.",日々の練習を積み重ねて、ものだ成果を得ることができた。,"Nhờ tích lũy luyện tập mỗi ngày, tôi đã đạt được thành quả (〜ものだ / もんだ).",類: 〜ものだ / Mẫu ngữ pháp N2 liên quan,grammar
138,Vるものではない / もんじゃない,Vるものではない / もんじゃない,Vるものではない / もんじゃない,Vるものではない,Mẫu ngữ pháp N2 dùng để diễn đạt ý nghĩa 'Vるものではない / もんじゃない'. Xuất hiện phổ biến trong đề thi JLPT N2 và giao tiếp trang trọng.,N2,目標を達成するために、努力るものではないことが大切である。,"Để đạt được mục tiêu, việc (Vるものではない / もんじゃない) là rất quan trọng.",日々の練習を積み重ねて、努力るものではない成果を得ることができた。,"Nhờ tích lũy luyện tập mỗi ngày, tôi đã đạt được thành quả (Vるものではない / もんじゃない).",類: Vるものではない / Mẫu ngữ pháp N2 liên quan,grammar
139,〜というものだ / というもんだ,〜というものだ / というもんだ,〜というものだ / というもんだ,V (thể thông thường) / N / A + というものだ,Mẫu ngữ pháp N2 dùng để diễn đạt ý nghĩa '〜というものだ / というもんだ'. Xuất hiện phổ biến trong đề thi JLPT N2 và giao tiếp trang trọng.,N2,目標を達成するために、というものだことが大切である。,"Để đạt được mục tiêu, việc (〜というものだ / というもんだ) là rất quan trọng.",日々の練習を積み重ねて、というものだ成果を得ることができた。,"Nhờ tích lũy luyện tập mỗi ngày, tôi đã đạt được thành quả (〜というものだ / というもんだ).",類: 〜というものだ / Mẫu ngữ pháp N2 liên quan,grammar
140,〜ものか / ものですか,〜ものか / ものですか,〜ものか / ものですか,V (thể thông thường) / N / A + ものか,Mẫu ngữ pháp N2 dùng để diễn đạt ý nghĩa '〜ものか / ものですか'. Xuất hiện phổ biến trong đề thi JLPT N2 và giao tiếp trang trọng.,N2,目標を達成するために、ものかことが大切である。,"Để đạt được mục tiêu, việc (〜ものか / ものですか) là rất quan trọng.",日々の練習を積み重ねて、ものか成果を得ることができた。,"Nhờ tích lũy luyện tập mỗi ngày, tôi đã đạt được thành quả (〜ものか / ものですか).",類: 〜ものか / Mẫu ngữ pháp N2 liên quan,grammar
141,Nを中心に / 中心にして / 中心にしたN / 中心として,Nをちゅうしんに / ちゅうしんにして / ちゅうしんにしたN / ちゅうしんとして,Nをちゅうしんに / ちゅうしんにして / ちゅうしんにしたN / ちゅうしんとして,Nを中心に,Mẫu ngữ pháp N2 dùng để diễn đạt ý nghĩa 'Nをちゅうしんに / ちゅうしんにして / ちゅうしんにしたN / ちゅうしんとして'. Xuất hiện phổ biến trong đề thi JLPT N2 và giao tiếp trang trọng.,N2,目標を達成するために、仕事を中心にことが大切である。,"Để đạt được mục tiêu, việc (Nをちゅうしんに / ちゅうしんにして / ちゅうしんにしたN / ちゅうしんとして) là rất quan trọng.",日々の練習を積み重ねて、仕事を中心に成果を得ることができた。,"Nhờ tích lũy luyện tập mỗi ngày, tôi đã đạt được thành quả (Nをちゅうしんに / ちゅうしんにして / ちゅうしんにしたN / ちゅうしんとして).",類: Nを中心に / Mẫu ngữ pháp N2 liên quan,grammar
142,Nをこめて,Nをこめて,Nをこめて,Nをこめて,Mẫu ngữ pháp N2 dùng để diễn đạt ý nghĩa 'Nをこめて'. Xuất hiện phổ biến trong đề thi JLPT N2 và giao tiếp trang trọng.,N2,目標を達成するために、仕事をこめてことが大切である。,"Để đạt được mục tiêu, việc (Nをこめて) là rất quan trọng.",日々の練習を積み重ねて、仕事をこめて成果を得ることができた。,"Nhờ tích lũy luyện tập mỗi ngày, tôi đã đạt được thành quả (Nをこめて).",類: Nをこめて / Mẫu ngữ pháp N2 liên quan,grammar
143,Nを通じて / 通して,Nをつうじて / とおして,Nをつうじて / とおして,Nを通じて,Mẫu ngữ pháp N2 dùng để diễn đạt ý nghĩa 'Nをつうじて / とおして'. Xuất hiện phổ biến trong đề thi JLPT N2 và giao tiếp trang trọng.,N2,目標を達成するために、仕事を通じてことが大切である。,"Để đạt được mục tiêu, việc (Nをつうじて / とおして) là rất quan trọng.",日々の練習を積み重ねて、仕事を通じて成果を得ることができた。,"Nhờ tích lũy luyện tập mỗi ngày, tôi đã đạt được thành quả (Nをつうじて / とおして).",類: Nを通じて / Mẫu ngữ pháp N2 liên quan,grammar
144,Nを頼りにV / 頼りとして / 頼りにして,NをたよりにV / たよりとして / たよりにして,NをたよりにV / たよりとして / たよりにして,Nを頼りにV,Mẫu ngữ pháp N2 dùng để diễn đạt ý nghĩa 'NをたよりにV / たよりとして / たよりにして'. Xuất hiện phổ biến trong đề thi JLPT N2 và giao tiếp trang trọng.,N2,目標を達成するために、仕事を頼りに努力ことが大切である。,"Để đạt được mục tiêu, việc (NをたよりにV / たよりとして / たよりにして) là rất quan trọng.",日々の練習を積み重ねて、仕事を頼りに努力成果を得ることができた。,"Nhờ tích lũy luyện tập mỗi ngày, tôi đã đạt được thành quả (NをたよりにV / たよりとして / たよりにして).",類: Nを頼りにV / Mẫu ngữ pháp N2 liên quan,grammar
145,〜恐れがある,〜おそれがある,"Có nguy cơ, e rằng... (xảy ra điều xấu)",V-dict / N + の + 恐れがある,"Dùng trong văn bản tin tức, thông báo chính thức để cảnh báo nguy cơ xảy ra thảm họa, rủi ro, dịch bệnh.",N2,この大雨で川が氾濫する恐れがある。,Do trận mưa lớn này mà có nguy cơ nước sông sẽ bị tràn bờ.,放置すると病気が悪化する恐れがあります。,Nếu để mặc không chữa trị thì có nguy cơ bệnh tình sẽ trở nặng.,類: 〜かねない / 〜心配がある,grammar
146,〜ものがある,〜ものがある,〜ものがある,V (thể thông thường) / N / A + ものがある,Mẫu ngữ pháp N2 dùng để diễn đạt ý nghĩa '〜ものがある'. Xuất hiện phổ biến trong đề thi JLPT N2 và giao tiếp trang trọng.,N2,目標を達成するために、ものがあることが大切である。,"Để đạt được mục tiêu, việc (〜ものがある) là rất quan trọng.",日々の練習を積み重ねて、ものがある成果を得ることができた。,"Nhờ tích lũy luyện tập mỗi ngày, tôi đã đạt được thành quả (〜ものがある).",類: 〜ものがある / Mẫu ngữ pháp N2 liên quan,grammar
147,Vば / Aければ / Aなら / Nなら + Aいという / Aだ（Nだ）という + ものでもない / ものではない,Vば / Aければ / Aなら / Nなら + Aいという / Aだ（Nだ）という + ものでもない / ものではない,Vば / Aければ / Aなら / Nなら + Aいという / Aだ（Nだ）という + ものでもない / ものではない,Vば,Mẫu ngữ pháp N2 dùng để diễn đạt ý nghĩa 'Vば / Aければ / Aなら / Nなら + Aいという / Aだ（Nだ）という + ものでもない / ものではない'. Xuất hiện phổ biến trong đề thi JLPT N2 và giao tiếp trang trọng.,N2,目標を達成するために、努力ばことが大切である。,"Để đạt được mục tiêu, việc (Vば / Aければ / Aなら / Nなら + Aいという / Aだ（Nだ）という + ものでもない / ものではない) là rất quan trọng.",日々の練習を積み重ねて、努力ば成果を得ることができた。,"Nhờ tích lũy luyện tập mỗi ngày, tôi đã đạt được thành quả (Vば / Aければ / Aなら / Nなら + Aいという / Aだ（Nだ）という + ものでもない / ものではない).",類: Vば / Mẫu ngữ pháp N2 liên quan,grammar
148,どうにか / なんとか + Vないものか / Vれないもの（だろう）か,どうにか / なんとか + Vないものか / Vれないもの（だろう）か,どうにか / なんとか + Vないものか / Vれないもの（だろう）か,どうにか,Mẫu ngữ pháp N2 dùng để diễn đạt ý nghĩa 'どうにか / なんとか + Vないものか / Vれないもの（だろう）か'. Xuất hiện phổ biến trong đề thi JLPT N2 và giao tiếp trang trọng.,N2,目標を達成するために、どうにかことが大切である。,"Để đạt được mục tiêu, việc (どうにか / なんとか + Vないものか / Vれないもの（だろう）か) là rất quan trọng.",日々の練習を積み重ねて、どうにか成果を得ることができた。,"Nhờ tích lũy luyện tập mỗi ngày, tôi đã đạt được thành quả (どうにか / なんとか + Vないものか / Vれないもの（だろう）か).",類: どうにか / Mẫu ngữ pháp N2 liên quan,grammar
149,Nをもとに / もとにして,Nをもとに / もとにして,Nをもとに / もとにして,Nをもとに,Mẫu ngữ pháp N2 dùng để diễn đạt ý nghĩa 'Nをもとに / もとにして'. Xuất hiện phổ biến trong đề thi JLPT N2 và giao tiếp trang trọng.,N2,目標を達成するために、仕事をもとにことが大切である。,"Để đạt được mục tiêu, việc (Nをもとに / もとにして) là rất quan trọng.",日々の練習を積み重ねて、仕事をもとに成果を得ることができた。,"Nhờ tích lũy luyện tập mỗi ngày, tôi đã đạt được thành quả (Nをもとに / もとにして).",類: Nをもとに / Mẫu ngữ pháp N2 liên quan,grammar
150,Nにつき,Nにつき,Nにつき,Nにつき,Mẫu ngữ pháp N2 dùng để diễn đạt ý nghĩa 'Nにつき'. Xuất hiện phổ biến trong đề thi JLPT N2 và giao tiếp trang trọng.,N2,目標を達成するために、仕事につきことが大切である。,"Để đạt được mục tiêu, việc (Nにつき) là rất quan trọng.",日々の練習を積み重ねて、仕事につき成果を得ることができた。,"Nhờ tích lũy luyện tập mỗi ngày, tôi đã đạt được thành quả (Nにつき).",類: Nにつき / Mẫu ngữ pháp N2 liên quan,grammar
151,〜を契機に / 〜をきっかけに,〜をけいきに / 〜をきっかけに,Nhân dịp... / Kể từ bước ngoặt...,N + を契機に / をきっかけに,"を契機に: văn cảnh trang trọng, sự kiện có tính lịch sử/bước ngoặt lớn. をきっかけに: dùng cho cả chuyện cá nhân đời thường.",N2,法改正を契機に、社内ルールを全面的に見直した。,"Nhân cơ hội sửa đổi luật pháp, công ty đã rà soát lại toàn bộ quy định nội bộ.",日本のアニメを見たのをきっかけに、日本語の勉強を始めた。,Nhờ dịp xem anime Nhật Bản mà tôi đã bắt đầu học tiếng Nhật.,類: 〜を機に / 〜を機として,grammar
152,〜際に,〜さいに,〜さいに,V (thể thông thường) / N / A + 際に,Mẫu ngữ pháp N2 dùng để diễn đạt ý nghĩa '〜さいに'. Xuất hiện phổ biến trong đề thi JLPT N2 và giao tiếp trang trọng.,N2,目標を達成するために、際にことが大切である。,"Để đạt được mục tiêu, việc (〜さいに) là rất quan trọng.",日々の練習を積み重ねて、際に成果を得ることができた。,"Nhờ tích lũy luyện tập mỗi ngày, tôi đã đạt được thành quả (〜さいに).",類: 〜際に / Mẫu ngữ pháp N2 liên quan,grammar
153,A（事実）。それなのにB（予想外の結果）,A（じじつ）。それなのにB（よそうがいのけっか）,A（事実）。それなのにB（予想外の結果）,A（事実）。それなのにB（予想外の結果）,Mẫu ngữ pháp N2 dùng để diễn đạt ý nghĩa 'A（事実）。それなのにB（予想外の結果）'. Xuất hiện phổ biến trong đề thi JLPT N2 và giao tiếp trang trọng.,N2,目標を達成するために、A（事実）。それなのにB（予想外の結果）ことが大切である。,"Để đạt được mục tiêu, việc (A（事実）。それなのにB（予想外の結果）) là rất quan trọng.",日々の練習を積み重ねて、A（事実）。それなのにB（予想外の結果）成果を得ることができた。,"Nhờ tích lũy luyện tập mỗi ngày, tôi đã đạt được thành quả (A（事実）。それなのにB（予想外の結果）).",類: A（事実）。それなのにB（予想外の結果） / Mẫu ngữ pháp N2 liên quan,grammar
154,A（状況）。それでもB（結果）,A（じょうきょう）。それでもB（けっか）,A（状況）。それでもB（結果）,A（状況）。それでもB（結果）,Mẫu ngữ pháp N2 dùng để diễn đạt ý nghĩa 'A（状況）。それでもB（結果）'. Xuất hiện phổ biến trong đề thi JLPT N2 và giao tiếp trang trọng.,N2,目標を達成するために、A（状況）。それでもB（結果）ことが大切である。,"Để đạt được mục tiêu, việc (A（状況）。それでもB（結果）) là rất quan trọng.",日々の練習を積み重ねて、A（状況）。それでもB（結果）成果を得ることができた。,"Nhờ tích lũy luyện tập mỗi ngày, tôi đã đạt được thành quả (A（状況）。それでもB（結果）).",類: A（状況）。それでもB（結果） / Mẫu ngữ pháp N2 liên quan,grammar
155,「A」「それなら（ば）B」,「A」「それなら（ば）B」,「A」「それなら（ば）B」,「A」「それなら（ば）B」,Mẫu ngữ pháp N2 dùng để diễn đạt ý nghĩa '「A」「それなら（ば）B」'. Xuất hiện phổ biến trong đề thi JLPT N2 và giao tiếp trang trọng.,N2,目標を達成するために、「A」「それなら（ば）B」ことが大切である。,"Để đạt được mục tiêu, việc (「A」「それなら（ば）B」) là rất quan trọng.",日々の練習を積み重ねて、「A」「それなら（ば）B」成果を得ることができた。,"Nhờ tích lũy luyện tập mỗi ngày, tôi đã đạt được thành quả (「A」「それなら（ば）B」).",類: 「A」「それなら（ば）B」 / Mẫu ngữ pháp N2 liên quan,grammar
156,A（理由）。それでB（結果）,A（りゆう）。それでB（けっか）,A（理由）。それでB（結果）,A（理由）。それでB（結果）,Mẫu ngữ pháp N2 dùng để diễn đạt ý nghĩa 'A（理由）。それでB（結果）'. Xuất hiện phổ biến trong đề thi JLPT N2 và giao tiếp trang trọng.,N2,目標を達成するために、A（理由）。それでB（結果）ことが大切である。,"Để đạt được mục tiêu, việc (A（理由）。それでB（結果）) là rất quan trọng.",日々の練習を積み重ねて、A（理由）。それでB（結果）成果を得ることができた。,"Nhờ tích lũy luyện tập mỗi ngày, tôi đã đạt được thành quả (A（理由）。それでB（結果）).",類: A（理由）。それでB（結果） / Mẫu ngữ pháp N2 liên quan,grammar
157,「A」「それがB」,「A」「それがB」,「A」「それがB」,「A」「それがB」,Mẫu ngữ pháp N2 dùng để diễn đạt ý nghĩa '「A」「それがB」'. Xuất hiện phổ biến trong đề thi JLPT N2 và giao tiếp trang trọng.,N2,目標を達成するために、「A」「それがB」ことが大切である。,"Để đạt được mục tiêu, việc (「A」「それがB」) là rất quan trọng.",日々の練習を積み重ねて、「A」「それがB」成果を得ることができた。,"Nhờ tích lũy luyện tập mỗi ngày, tôi đã đạt được thành quả (「A」「それがB」).",類: 「A」「それがB」 / Mẫu ngữ pháp N2 liên quan,grammar
158,A（予定）。それがB（Aと異なる結果）,A（よてい）。それがB（Aと異なるけっか）,A（予定）。それがB（Aと異なる結果）,A（予定）。それがB（Aと異なる結果）,Mẫu ngữ pháp N2 dùng để diễn đạt ý nghĩa 'A（予定）。それがB（Aと異なる結果）'. Xuất hiện phổ biến trong đề thi JLPT N2 và giao tiếp trang trọng.,N2,目標を達成するために、A（予定）。それがB（Aと異なる結果）ことが大切である。,"Để đạt được mục tiêu, việc (A（予定）。それがB（Aと異なる結果）) là rất quan trọng.",日々の練習を積み重ねて、A（予定）。それがB（Aと異なる結果）成果を得ることができた。,"Nhờ tích lũy luyện tập mỗi ngày, tôi đã đạt được thành quả (A（予定）。それがB（Aと異なる結果）).",類: A（予定）。それがB（Aと異なる結果） / Mẫu ngữ pháp N2 liên quan,grammar
159,A（事情の説明）。そこでB（提案）,A（じじょうのせつめい）。そこでB（ていあん）,A（事情の説明）。そこでB（提案）,A（事情の説明）。そこでB（提案）,Mẫu ngữ pháp N2 dùng để diễn đạt ý nghĩa 'A（事情の説明）。そこでB（提案）'. Xuất hiện phổ biến trong đề thi JLPT N2 và giao tiếp trang trọng.,N2,目標を達成するために、A（事情の説明）。そこでB（提案）ことが大切である。,"Để đạt được mục tiêu, việc (A（事情の説明）。そこでB（提案）) là rất quan trọng.",日々の練習を積み重ねて、A（事情の説明）。そこでB（提案）成果を得ることができた。,"Nhờ tích lũy luyện tập mỗi ngày, tôi đã đạt được thành quả (A（事情の説明）。そこでB（提案）).",類: A（事情の説明）。そこでB（提案） / Mẫu ngữ pháp N2 liên quan,grammar
160,A。そういえばB,A。そういえばB,A。そういえばB,Văn bản / Câu A. + A。そういえばB,"Từ nối liên kết đoạn văn, diễn đạt ý nghĩa 'A。そういえばB' giữa hai câu hoặc hai vế.",N2,昨日は大雨だった。そういえば、試合は予定通り行われた。,"Hôm qua trời mưa to. A。そういえばB, trận đấu vẫn diễn ra đúng như dự kiến.",彼は優秀な技術者だ。そういえば、人柄も素晴らしい。,"Anh ấy là một kỹ sư xuất sắc. A。そういえばB, nhân cách cũng rất tuyệt vời.",類: A。そういえばB / Mẫu ngữ pháp N2 liên quan,grammar
161,A。それはそうとB,A。それはそうとB,A。それはそうとB,Văn bản / Câu A. + A。それはそうとB,"Từ nối liên kết đoạn văn, diễn đạt ý nghĩa 'A。それはそうとB' giữa hai câu hoặc hai vế.",N2,昨日は大雨だった。それはそうと、試合は予定通り行われた。,"Hôm qua trời mưa to. A。それはそうとB, trận đấu vẫn diễn ra đúng như dự kiến.",彼は優秀な技術者だ。それはそうと、人柄も素晴らしい。,"Anh ấy là một kỹ sư xuất sắc. A。それはそうとB, nhân cách cũng rất tuyệt vời.",類: A。それはそうとB / Mẫu ngữ pháp N2 liên quan,grammar
162,AすなわちA’,AすなわちA’,AすなわちA’,Văn bản / Câu A. + AすなわちA’,"Từ nối liên kết đoạn văn, diễn đạt ý nghĩa 'AすなわちA’' giữa hai câu hoặc hai vế.",N2,昨日は大雨だった。すなわち’、試合は予定通り行われた。,"Hôm qua trời mưa to. AすなわちA’, trận đấu vẫn diễn ra đúng như dự kiến.",彼は優秀な技術者だ。すなわち’、人柄も素晴らしい。,"Anh ấy là một kỹ sư xuất sắc. AすなわちA’, nhân cách cũng rất tuyệt vời.",類: AすなわちA’ / Mẫu ngữ pháp N2 liên quan,grammar
163,AあるいはB,AあるいはB,AあるいはB,Văn bản / Câu A. + AあるいはB,"Từ nối liên kết đoạn văn, diễn đạt ý nghĩa 'AあるいはB' giữa hai câu hoặc hai vế.",N2,昨日は大雨だった。あるいは、試合は予定通り行われた。,"Hôm qua trời mưa to. AあるいはB, trận đấu vẫn diễn ra đúng như dự kiến.",彼は優秀な技術者だ。あるいは、人柄も素晴らしい。,"Anh ấy là một kỹ sư xuất sắc. AあるいはB, nhân cách cũng rất tuyệt vời.",類: AあるいはB / Mẫu ngữ pháp N2 liên quan,grammar
164,A。だがB,A。だがB,A。だがB,Văn bản / Câu A. + A。だがB,"Từ nối liên kết đoạn văn, diễn đạt ý nghĩa 'A。だがB' giữa hai câu hoặc hai vế.",N2,昨日は大雨だった。だが、試合は予定通り行われた。,"Hôm qua trời mưa to. A。だがB, trận đấu vẫn diễn ra đúng như dự kiến.",彼は優秀な技術者だ。だが、人柄も素晴らしい。,"Anh ấy là một kỹ sư xuất sắc. A。だがB, nhân cách cũng rất tuyệt vời.",類: A。だがB / Mẫu ngữ pháp N2 liên quan,grammar
165,A。だってB,A。だってB,A。だってB,Văn bản / Câu A. + A。だってB,"Từ nối liên kết đoạn văn, diễn đạt ý nghĩa 'A。だってB' giữa hai câu hoặc hai vế.",N2,昨日は大雨だった。だって、試合は予定通り行われた。,"Hôm qua trời mưa to. A。だってB, trận đấu vẫn diễn ra đúng như dự kiến.",彼は優秀な技術者だ。だって、人柄も素晴らしい。,"Anh ấy là một kỹ sư xuất sắc. A。だってB, nhân cách cũng rất tuyệt vời.",類: A。だってB / Mẫu ngữ pháp N2 liên quan,grammar
166,A。ということはB,A。ということはB,A。ということはB,Văn bản / Câu A. + A。ということはB,"Từ nối liên kết đoạn văn, diễn đạt ý nghĩa 'A。ということはB' giữa hai câu hoặc hai vế.",N2,昨日は大雨だった。ということは、試合は予定通り行われた。,"Hôm qua trời mưa to. A。ということはB, trận đấu vẫn diễn ra đúng như dự kiến.",彼は優秀な技術者だ。ということは、人柄も素晴らしい。,"Anh ấy là một kỹ sư xuất sắc. A。ということはB, nhân cách cũng rất tuyệt vời.",類: A。ということはB / Mẫu ngữ pháp N2 liên quan,grammar
167,A。というのはB,A。というのはB,A。というのはB,Văn bản / Câu A. + A。というのはB,"Từ nối liên kết đoạn văn, diễn đạt ý nghĩa 'A。というのはB' giữa hai câu hoặc hai vế.",N2,昨日は大雨だった。というのは、試合は予定通り行われた。,"Hôm qua trời mưa to. A。というのはB, trận đấu vẫn diễn ra đúng như dự kiến.",彼は優秀な技術者だ。というのは、人柄も素晴らしい。,"Anh ấy là một kỹ sư xuất sắc. A。というのはB, nhân cách cũng rất tuyệt vời.",類: A。というのはB / Mẫu ngữ pháp N2 liên quan,grammar
168,A。したがってB,A。したがってB,A。したがってB,Văn bản / Câu A. + A。したがってB,"Từ nối liên kết đoạn văn, diễn đạt ý nghĩa 'A。したがってB' giữa hai câu hoặc hai vế.",N2,昨日は大雨だった。したがって、試合は予定通り行われた。,"Hôm qua trời mưa to. A。したがってB, trận đấu vẫn diễn ra đúng như dự kiến.",彼は優秀な技術者だ。したがって、人柄も素晴らしい。,"Anh ấy là một kỹ sư xuất sắc. A。したがってB, nhân cách cũng rất tuyệt vời.",類: A。したがってB / Mẫu ngữ pháp N2 liên quan,grammar
169,A。ただしB,A。ただしB,A。ただしB,Văn bản / Câu A. + A。ただしB,"Từ nối liên kết đoạn văn, diễn đạt ý nghĩa 'A。ただしB' giữa hai câu hoặc hai vế.",N2,昨日は大雨だった。ただし、試合は予定通り行われた。,"Hôm qua trời mưa to. A。ただしB, trận đấu vẫn diễn ra đúng như dự kiến.",彼は優秀な技術者だ。ただし、人柄も素晴らしい。,"Anh ấy là một kỹ sư xuất sắc. A。ただしB, nhân cách cũng rất tuyệt vời.",類: A。ただしB / Mẫu ngữ pháp N2 liên quan,grammar
170,A。もっともB,A。もっともB,A。もっともB,Văn bản / Câu A. + A。もっともB,"Từ nối liên kết đoạn văn, diễn đạt ý nghĩa 'A。もっともB' giữa hai câu hoặc hai vế.",N2,昨日は大雨だった。もっとも、試合は予定通り行われた。,"Hôm qua trời mưa to. A。もっともB, trận đấu vẫn diễn ra đúng như dự kiến.",彼は優秀な技術者だ。もっとも、人柄も素晴らしい。,"Anh ấy là một kỹ sư xuất sắc. A。もっともB, nhân cách cũng rất tuyệt vời.",類: A。もっともB / Mẫu ngữ pháp N2 liên quan,grammar
171,A。なおB,A。なおB,A。なおB,Văn bản / Câu A. + A。なおB,"Từ nối liên kết đoạn văn, diễn đạt ý nghĩa 'A。なおB' giữa hai câu hoặc hai vế.",N2,昨日は大雨だった。なお、試合は予定通り行われた。,"Hôm qua trời mưa to. A。なおB, trận đấu vẫn diễn ra đúng như dự kiến.",彼は優秀な技術者だ。なお、人柄も素晴らしい。,"Anh ấy là một kỹ sư xuất sắc. A。なおB, nhân cách cũng rất tuyệt vời.",類: A。なおB / Mẫu ngữ pháp N2 liên quan,grammar
172,A。さてB,A。さてB,A。さてB,Văn bản / Câu A. + A。さてB,"Từ nối liên kết đoạn văn, diễn đạt ý nghĩa 'A。さてB' giữa hai câu hoặc hai vế.",N2,昨日は大雨だった。さて、試合は予定通り行われた。,"Hôm qua trời mưa to. A。さてB, trận đấu vẫn diễn ra đúng như dự kiến.",彼は優秀な技術者だ。さて、人柄も素晴らしい。,"Anh ấy là một kỹ sư xuất sắc. A。さてB, nhân cách cũng rất tuyệt vời.",類: A。さてB / Mẫu ngữ pháp N2 liên quan,grammar
173,A。するとB,A。するとB,A。するとB,Văn bản / Câu A. + A。するとB,"Từ nối liên kết đoạn văn, diễn đạt ý nghĩa 'A。するとB' giữa hai câu hoặc hai vế.",N2,昨日は大雨だった。すると、試合は予定通り行われた。,"Hôm qua trời mưa to. A。するとB, trận đấu vẫn diễn ra đúng như dự kiến.",彼は優秀な技術者だ。すると、人柄も素晴らしい。,"Anh ấy là một kỹ sư xuất sắc. A。するとB, nhân cách cũng rất tuyệt vời.",類: A。するとB / Mẫu ngữ pháp N2 liên quan,grammar
174,A。要するにA’,A。ようするにA’,A。ようするにA’,Văn bản / Câu A. + A。要するにA’,"Từ nối liên kết đoạn văn, diễn đạt ý nghĩa 'A。ようするにA’' giữa hai câu hoặc hai vế.",N2,昨日は大雨だった。要するに’、試合は予定通り行われた。,"Hôm qua trời mưa to. A。ようするにA’, trận đấu vẫn diễn ra đúng như dự kiến.",彼は優秀な技術者だ。要するに’、人柄も素晴らしい。,"Anh ấy là một kỹ sư xuất sắc. A。ようするにA’, nhân cách cũng rất tuyệt vời.",類: A。要するにA’ / Mẫu ngữ pháp N2 liên quan,grammar
175,（Nは）A。しかもB,（Nは）A。しかもB,（Nは）A。しかもB,Văn bản / Câu A. + （Nは）A。しかもB,"Từ nối liên kết đoạn văn, diễn đạt ý nghĩa '（Nは）A。しかもB' giữa hai câu hoặc hai vế.",N2,昨日は大雨だった。（Nは）しかも、試合は予定通り行われた。,"Hôm qua trời mưa to. （Nは）A。しかもB, trận đấu vẫn diễn ra đúng như dự kiến.",彼は優秀な技術者だ。（Nは）しかも、人柄も素晴らしい。,"Anh ấy là một kỹ sư xuất sắc. （Nは）A。しかもB, nhân cách cũng rất tuyệt vời.",類: （Nは）A。しかもB / Mẫu ngữ pháp N2 liên quan,grammar
